PC1,PC2,PC3,Label
-1.7794486184128808,2.922377489818581,3.7937955575210576,-1
-2.3132168247060267,1.041024933950028,2.923707551968838,-1
0.13310720828834421,0.9423310363660254,1.1908518144799154,1
1.1919090920075917,5.371559344121996,5.253498961497134,-1
0.7809852826799298,2.513096768961276,2.6439278957841994,-1
2.0958800894269323,2.955907510910046,3.7457707149660866,-1
-1.8426457805081975,4.605798968386203,2.763570013667371,-1
1.2515845407330515,2.0043145783438017,4.75001578983499,-1
-0.597347216100758,19.069289833035665,-3.7092198301944626,-1
1.261392962465714,3.962120996920401,5.749167260086057,-1
-2.3451596244589736,22.551723564872308,-7.41161971124379,1
0.7016539919837378,3.4596764098543424,4.805635991602837,1
0.3986156801575582,1.6027708126006162,3.185806891381956,-1
-2.7020070494659105,2.685484217226496,4.485144787382614,-1
-3.4557285957770176,31.976996945651745,-12.318819238917898,1
-3.1858999493985767,26.978943185532252,-10.279229097119883,-1
-0.9289601663327302,0.7731896370021262,1.2498246012441205,-1
-1.3031663985933866,3.8283235595613103,2.924190292412103,-1
-0.73821619812398,0.09452155230348526,2.2072775575614383,-1
0.980499181359875,2.7721537292796006,2.614720557498237,-1
0.1874667537433978,-0.8130630413678099,1.1192153085089014,-1
-0.27193556460471385,0.87411593573277,3.055140894118898,-1
-0.507243090288373,0.41744502590766597,2.028624011434052,-1
-2.450774541525168,24.906833313790603,-7.270265140908172,1
-3.4181320393838153,24.074219371490017,-9.40253639828471,-1
-3.7637206371432437,23.867764896913858,-8.157003451369377,-1
-1.816443672780543,1.748661084950872,2.1842407559680668,-1
-0.5287752262673165,2.8421326078905005,-0.17787489175445728,-1
-0.5609452596408965,3.6146154175869167,3.081265117205918,-1
-0.8365938299148542,1.8582026858299148,-0.6835628906732121,-1
0.580098476228591,0.5100817143792944,0.1480338167171297,-1
-0.8399731621007008,3.8865728953687464,2.1702472511388766,-1
-1.5252878173514113,1.807780087164795,1.087229109929764,-1
-4.255670380345064,23.45036401620147,-9.321460782510458,-1
-0.2998689292956222,3.8442778206784807,2.046130508946593,-1
-1.9012881701062319,1.07201812220955,0.5114976469728808,-1
-1.966090736850704,29.917420672677377,-11.461204259158382,-1
-0.36629562912517283,2.2691358712298486,0.8525097744983251,-1
0.5811381406283118,3.8712946522344835,3.4091298511160555,1
0.0360132079456447,0.7497144257801238,0.9070325249360771,-1
-0.4737836092538726,4.400021427466952,-1.7691989522682936,1
-1.4917096338496478,-0.2064426565999121,2.100745258023515,-1
-2.2463578826005377,2.2342216263824484,-0.7598624892142298,-1
1.0829281024064086,1.6441336561522124,0.4398703350477319,-1
-1.340860608561503,20.997098435403867,-6.490928768735768,-1
0.8714746117932284,0.5260418852567936,1.0521308826946758,1
-1.875793218426878,25.417963778938077,-8.399130113437389,-1
-0.857148845248993,20.3356323484548,-5.959586866516301,-1
0.43577651405184137,2.2120980945211097,1.9862302424392084,1
-0.7112367416482827,0.018293967335770538,1.9936151758886573,1
0.23775092637040143,0.24660904872702052,0.12221884154486025,1
-3.4406014524442052,26.000669978804552,-6.968957128146487,-1
0.6778372207169545,2.302881845370966,0.0357426345986111,-1
-2.1458526218958105,-0.14820964925277222,0.37270882356601137,-1
-1.7259539346603752,22.35384042090794,-4.52058992363803,-1
-0.36710782790226076,3.338562470675132,2.106164501297178,-1
-1.9310603182091735,1.3973921878172948,2.2889272121460555,-1
-1.3109779887428483,31.401313644119202,-11.391741625412212,1
-1.9009607381436189,20.141354131577504,-6.741837266572841,1
-1.7367287881502367,0.647690021030323,1.4527212979100679,-1
-0.5340787442039662,0.6746552186558261,-0.7665771460486243,-1
-0.7998843858110184,23.463753977607407,-11.616357080046233,-1
-2.721243511170435,1.1340919161068181,-0.6967914191375447,1
-1.604469042704432,3.0270818010659832,0.16886764550562477,-1
-2.6629694174121687,2.7571174535993412,0.04077692167525286,1
-1.4662170661045812,1.1349320731525336,-0.10811787054174594,-1
-2.0758040621851004,1.6400335254023917,-1.1802272207183446,-1
-0.9361043305743398,2.697558872303746,-0.11103093893396658,-1
0.99787915151968,3.0376854416597774,0.007690667319794091,-1
-1.6588273916458833,1.6226756618148186,1.6776203668055818,-1
-1.8417940169537512,2.1387451057724864,-0.2411081945811943,-1
-0.9330625738507097,0.5413428606028554,0.47592497191168215,-1
-3.616380163241772,24.888256099601577,-8.269357465095588,-1
-0.8513694602418636,1.3257731972775617,1.5700898005962847,-1
-2.4248791463365906,4.503138619270024,1.4917252394530718,-1
-2.1130667143169855,4.580319621549616,-0.5037056179372461,-1
-0.4755518927096293,3.5739552643817714,2.3866095431118666,-1
1.4655798688829533,3.790368415867693,0.5309181538813408,-1
-0.10904172116876992,4.201366783703263,1.0059080430543428,-1
-1.357979038947462,1.7962585144311056,1.796118343767206,-1
1.452628437131035,3.200915557566499,0.8159074259341963,-1
1.3437239599989905,1.2114255198767396,0.6267641545404268,-1
-0.31618325908783995,2.4707588288565083,0.29449985167701165,1
-1.2430170260751887,2.4390883620370376,1.8925366310120808,-1
-2.2611203304122722,22.89464836412291,-5.436282218837253,-1
-2.5403709418371996,0.648247465573826,0.6764827017212838,-1
-2.013642041010145,0.20239742720284962,-0.9232975984916107,-1
-1.1069706612609647,2.894966922161391,-0.11847639792272643,-1
-1.826953018193917,0.9422301113904411,0.8090081548599877,-1
-2.4536877322488064,0.58664463345719,-1.0988034501195152,-1
-1.219926456278165,2.136499326647376,1.8325801620385458,-1
-3.756225781950339,22.107729066884854,-10.131780737032589,-1
-0.6923158355925384,1.215206545004415,-0.5858031451918144,-1
-4.017353238241161,19.70438943951098,-7.234724741817949,-1
-2.0950693955626436,0.5835923539547442,-0.5624298626769683,-1
-3.01962869351045,1.2190411561459547,-0.1801820612342892,-1
-0.6197731886590742,24.696835138620788,-8.152061610097801,1
-1.3082357460478609,2.3075863282131817,0.0347100004095662,-1
-1.523637626592428,1.7606111716475734,1.1493650964575133,-1
-1.0269166515033454,30.35708773159288,-12.310732261100986,-1
-1.183012735847384,0.581666543352489,-0.17808528038116775,-1
-1.468032418353761,1.176518926461455,3.096620106788496,-1
-2.0761343878840672,3.9642991800098346,2.228479257849858,-1
-1.4998707446070858,1.6821771775598708,0.5831315408419551,-1
-1.0668597469835337,4.4270175427280964,3.638300229481754,-1
-1.8907189209544157,3.0870528853032018,2.6816447529712915,-1
-1.432645731516731,3.6568687389211054,2.7944303689126166,-1
-2.7196769749907057,4.8589264042232525,2.8349168867159187,-1
-1.6918289466213665,3.207899612899832,1.1462387810484207,-1
4.561394413581028,4.634444350580287,3.028826944308713,-1
-0.9436324944240416,0.9377138744772464,0.9424521754135928,-1
-1.1959840963891089,2.8633836058299296,3.4101942418011175,-1
-0.6380545702980307,2.7006589528280904,1.0143372602318128,-1
-1.482853452375655,4.217630972610497,8.392045997408424,-1
-1.5060311606188217,2.9374292482112625,2.8475368760454227,-1
1.2600365983059159,3.5357190985258016,3.0873584372021896,1
-2.237650462385151,5.855681637596162,2.021034997783681,-1
-1.5005402072364566,2.6098775762317623,0.7556720928831981,-1
-1.98008578309614,2.8612695914162205,1.7093913224594612,-1
0.6543610406275837,2.062278902383047,1.5926564794951354,-1
-2.952332876161894,1.884969030962497,-0.5734607352963091,-1
-0.3543754599202023,3.942596559861053,1.0005834853488447,-1
-2.0803515396476353,1.0685854008875948,-0.5529161744867931,-1
-1.749947808055331,3.6321309674690867,1.2566958661379968,-1
1.0509498390964251,1.861973228632422,1.6550644688058531,-1
-2.213205817292888,2.556239590304969,-0.8871931234969337,-1
-1.3510623285480137,2.730973194949385,1.5570049051355805,-1
1.5571407593643745,1.1589283612814951,1.4049601176200122,-1
-1.0847453562042515,1.7191186289417777,2.2871751229091535,-1
-2.0929359026959586,3.1724569967707765,-0.8219622772678217,-1
-2.1548165250615665,2.603911373332222,-0.6285446748375129,-1
-1.181979922369592,2.501536396775323,0.5211755452823178,1
-0.41442125406286756,3.5953403348485664,-1.003094133376963,-1
-2.4136523043114817,4.097399220996173,0.3372610265741625,-1
-1.8100582162962717,1.4501232954267638,-0.7021979173778946,-1
-1.8938406010483058,1.3763472328171342,0.2068980346166945,-1
-1.8767958307113746,3.0991380845671515,2.7608993166282594,-1
-1.6469709707751083,3.5990752267423542,1.008955439035866,-1
-1.341855313942762,2.956545162356945,2.7427938920120827,-1
-1.6445545735536278,3.398615038467914,2.1046025067619656,-1
-0.008170369346958101,1.7921489674767945,3.0068060010477256,-1
-1.1548064290604776,0.7280888342529609,2.094026091695927,-1
-2.286911540457648,4.5381566618089195,2.832288931870255,-1
-2.1670339679654695,25.971194004735857,-8.156386860125862,-1
-2.051784706388451,32.25471481452493,-14.52558276533322,-1
-1.4428045146449542,2.142735906306721,1.3626891652679618,-1
-1.5123499859649996,2.421848595320013,1.8391350075866915,-1
-2.3937598026614677,3.27767435130503,-1.2043872677437144,-1
1.1651229867495378,3.076857107044372,1.8851373620063507,-1
-1.9353464286683268,3.9637734024583886,0.8970737289571287,-1
-1.0524689121352577,0.004986391457532138,3.145863357192279,-1
-0.9402956671379835,0.10241321368654498,1.4134211991085552,-1
-1.464188001858839,2.628388623555647,1.7774760010914643,-1
-2.5658401621510443,1.7505895225690176,0.19284753681026445,-1
-1.558627254398679,3.236158504968652,1.993246668839769,1
-0.6718379648320864,1.7519399393811739,2.644790708865579,-1
-1.6915763870022595,2.2015625884020555,0.45584126645150747,-1
-2.084626118503759,2.7926429531460957,0.8148432968833339,1
-1.0075592714098072,1.5969364386258185,1.0984782846873984,1
-0.24795185768827546,0.08258804023100774,-1.3702584012570713,-1
-0.7999403366480584,1.3479385122320282,1.9118012257258281,-1
0.2584198303867177,1.9259405510018097,-0.13075151265266655,-1
-0.811970394173101,1.1781464845850211,2.2362279899194455,-1
-3.0107882775045622,18.981227332141035,-8.278468842295448,-1
-1.5638209002897425,0.2523245704567849,0.6937199942498279,-1
-1.3472989453651683,1.5046364710716114,0.618134157509983,-1
-1.1811039439101187,1.0712858102760565,1.3047728118471449,-1
-0.7787012190712702,-0.432272567429883,-1.6204186626915158,1
0.08330722253685126,0.43167761787966585,1.5702600412680197,-1
-1.1118488598573404,2.739706559366519,0.20170952199529404,1
0.4248679973900054,2.8190753636343926,0.8174842043736438,-1
-1.6213724316921272,1.94547207252287,-1.7460080563232592,-1
-1.4364475747849919,19.70834943283726,-7.129521471681979,-1
-2.4364205123842773,5.042660210539191,5.65134404088564,-1
-0.44560444961027157,2.5325124600096687,0.8670254990368843,-1
-0.7570496903849325,3.3754959599192835,4.25252506948291,-1
-2.3182435067375677,1.743948077786631,0.675315726922681,-1
-2.2311258542459522,2.1740500950901254,-0.8432631772371049,-1
-1.88046424449543,-0.30047672406406606,1.263871246377427,-1
-2.690429057086639,-0.04610834457216027,-0.0666756578454614,-1
-0.6433228099172807,2.3307261326746613,-0.17729956950686274,1
-2.811435223265919,-0.37781275108972745,-0.7650071253766705,-1
2.5597183160474786,1.2231971839227092,0.7811816787664704,1
-3.18532101431271,24.03794125966539,-9.351621527539283,-1
-2.5100832441241936,-0.515799306217699,1.7416575717379847,-1
-2.534110615267187,2.78408119533883,0.6927328854610914,-1
-1.8558210429129158,29.293941375373894,-11.7107032440265,1
-0.03952798300921481,2.0268761256555208,-0.28059393133119725,-1
0.3340289278857043,1.726153990412729,0.6410851569441963,1
-1.788970089363099,3.4531156173977386,0.8266589167111436,1
1.1912667621666804,-0.36110974802990703,0.28421468207033523,-1
0.09739417470028942,1.6660832653750528,-0.12666602166988486,-1
-0.695917173753998,0.49490822927027245,0.3724056577157259,-1
0.5987308362286528,0.28284481607358175,1.5551601654570608,-1
-1.27836265400001,1.7874152987295133,0.29640442994703786,-1
-4.572498026167396,23.051230646471545,-9.408758486014914,-1
-2.940928481242473,22.78380436432696,-10.134344110208962,-1
-0.7881642791506955,1.0164791085356206,1.4599835671205603,-1
-2.1270120772040277,0.8162470564592895,-1.1848315238575255,-1
-1.0620550482498377,2.195434136047024,0.6210373708192709,-1
1.7987631546749854,0.3449999553408635,0.9705352772793714,-1
-1.8351127501746587,1.543913447045869,-0.19081677837766423,-1
-0.023177223795593293,3.2584922062651227,4.219759639873059,-1
-0.4624840160762811,-1.046376154033018,1.4262154542662626,-1
-2.0262199277621162,1.2859209292989968,2.677861365263385,-1
-1.6071589096778425,-1.6588486171735506,0.16589200552017538,-1
-0.3595629245086551,1.4143270087672974,3.683254964895089,-1
0.14868521297586249,-0.6480289632284152,0.7789528670061826,-1
-1.4664998468817627,0.16810941351592879,2.2210274621937662,-1
1.8688268170830225,0.7039737214628948,0.7376998191077192,-1
-0.05154309496594652,0.28745711843194893,0.783472621309033,-1
-1.541822600431303,0.7053098777542833,1.13887168364929,-1
-1.115201657056541,-0.42615682518467457,2.0942945531977037,-1
-1.2275439228629461,-1.1163869147225562,0.0367336510953182,-1
-0.6340292971517094,-0.362890727711253,2.428039991146765,-1
-1.081861210413642,2.24087408493553,1.3837882081161645,-1
-0.18199958366138755,0.2309515980512462,1.9540357199060001,-1
-1.698531386557243,2.6701934850646527,1.8686235216722091,-1
-0.2505084974250149,1.6469540673708494,3.326487125399829,1
-1.4377521824975992,0.34158608558796816,1.2371125168143269,-1
-1.797141984446796,0.5361561807416755,0.33852897100201407,-1
-1.4312091220227137,-0.798765590653056,1.5173928490092414,-1
0.609230657734158,1.618438196915609,0.9594262362399499,1
0.0021019703740902795,1.7008083080108567,2.4730430334543434,-1
-1.2023639477530519,1.4944996272629576,2.1784775030124885,-1
-1.1765920049935918,0.40387336868732404,1.0454467499915139,-1
-1.3321249779126478,1.8130185030549557,1.7484642935418657,-1
-0.08175363518437817,3.1160462841820515,-0.40055907292341514,-1
0.02617928558584946,1.0665424420134506,1.1309144953044064,-1
1.0682501100995645,1.3107427892436838,3.0486767674228035,-1
0.15318641294550275,0.5464110942411868,0.30085909286414186,-1
-0.4365008887474403,0.9950449559081727,-0.09188870380981265,1
1.0103778085689101,1.9425258611429435,2.6785307060372063,-1
0.40006470108813513,0.8777609111273788,2.5782454109513315,-1
-0.6624652883827647,1.1942177442129738,3.621583398495482,-1
0.09941128705801357,0.9479561193093926,-1.1840962793360736,1
0.9249680632835404,1.506470862337318,2.131139996666764,1
0.44205576983217565,0.6008159466317052,2.320247342751751,-1
0.4800081912138484,2.9366549150764563,3.2849395432403936,1
-0.8442117385914613,-1.2063439774842146,1.7011360367909956,-1
-0.8373438243090542,1.226358204957102,1.014527623179257,1
1.064874334288186,1.569863088386881,1.8164160159252094,1
-1.1755387605147105,1.7443709998319386,2.222917899861056,-1
-0.460827348401272,1.1179934955860855,2.270197499099437,1
-0.9406669797268293,3.200270916801961,4.269410655282723,1
0.2634380849014978,0.1714668890717183,3.381484660675917,-1
-0.43757350268237516,2.0452202425550605,3.224120061412506,-1
-1.7100127096680673,0.15122423609542116,1.5660351470375276,-1
-1.366301582512051,3.8947606714554466,1.2443066950702442,-1
0.8844801979014876,2.080324099691444,1.9619870661691585,-1
-0.5871083024596964,1.0381748382530525,4.423743255774019,-1
-0.4465015910826112,2.419556461658553,2.458948606299814,-1
-1.2499299617006077,1.2390128217723506,3.4955907128860946,-1
-1.5751419667920668,-0.6345831083217095,1.1441423434934448,-1
0.4622117784750893,0.08188607422085706,2.0328120580527678,-1
1.751363316252758,1.3959567512947613,3.8008989248224276,-1
-0.6282062358669865,1.751814616581337,1.5723396157636638,-1
-1.2462195399005833,0.7380013756119549,3.204069657038053,-1
0.14709955857652515,-0.7461149824794386,1.6777102696678912,-1
-0.8344552300418014,-0.3454934648012228,0.6152481750188915,-1
-0.6034355292342954,-0.5566413234376112,2.080287576158411,-1
-1.7078507315153113,2.037536184520868,3.556992178391691,-1
-0.8988951018887265,2.0500289456971346,2.8846697227294698,-1
-0.6168080269953164,0.11870884463913586,1.3656789925174366,-1
-1.1940033636020604,2.066167512802416,3.572901206891515,-1
-0.8351778967840855,0.49667680816728005,3.003515943284992,-1
-0.12013278291699758,-0.37776216190757755,1.0941448340863336,-1
-1.2491218063734726,1.601991755027171,3.632069473550867,-1
-1.4441812060390549,1.3203016829300314,0.8174949686195003,-1
-1.6431932285106372,2.1403593380874115,3.15098471031432,-1
-1.1730980687862003,0.847593246878574,2.7089227946067793,-1
-1.3885373449142044,1.2529483061358175,3.266936084749395,-1
-0.008875480692042201,0.2426965452400554,2.6821173218713783,-1
-0.5536674383157874,2.856768261075889,1.8711521901172026,1
-0.8026943336203215,0.16964726701119306,1.0418595893584892,-1
85.59181211670543,8.22427158855533,2.7216792359368225,-1
0.18984727198212947,-0.06505088090706058,1.3620114394735452,-1
0.41331753395841114,-0.23641952673669012,-0.4164642010620471,1
-0.9124355659245591,1.2439543042434502,3.2609198666833223,-1
-0.06847622724697743,1.9928197643993055,4.480384853121681,-1
-0.05554867582903685,0.4585591002485731,2.537447270998673,-1
-0.7057636441755775,2.1030774292517918,0.10277186636534588,-1
-1.4726662954835927,1.535643120634106,1.4255018306055653,1
-0.7592445525031781,-0.22983045613658284,0.9784496389215089,-1
-0.9289168585487955,2.5041652667298298,3.8185325098760017,-1
-1.582632773954025,-0.23633721747278846,2.430320506099811,-1
-0.2713692566037519,1.4606773174056702,3.567200275626544,-1
-1.8574853404310436,1.6750768891700551,2.3906692293738043,-1
-1.165704939804806,0.6434042854033911,2.4058687757802386,-1
-0.9385738038150511,0.8325074474484392,1.8235415720756256,-1
-0.299831027277985,2.0643501524150127,2.194618944746959,-1
-0.9132505777445642,1.971606421768896,3.1833923059379745,1
-0.8687380088774488,-0.7042690468060614,1.9398241182249343,-1
0.1489761597224859,0.25088939723360504,1.5158341394440114,-1
-1.046876098293742,-0.10352567877775162,2.63352561367056,1
-0.5517815057985921,0.31202969478410775,3.4659205766660026,-1
-1.598144059441803,1.278167243465548,4.428182163265818,-1
-1.4144825354897363,1.9846557776489244,2.984527915514017,-1
-1.5702454796318954,-0.26393175413373665,1.6810440585910265,-1
-1.045815804671909,0.7121783930869213,3.4100333466556805,-1
-0.6980186450352268,0.9277324058451895,3.6640902806351168,-1
-0.612622662842959,2.63292314211522,2.767440709483965,-1
-1.3717722172280036,2.112530725988758,3.3549106389627883,-1
-0.8600636435815134,3.217987710770701,4.5644081689919584,-1
-0.35046568711970594,2.372026155131264,3.0116084017168436,-1
-1.0079722935622932,2.457155349722484,2.9959509306174,-1
-1.3242644810289852,0.4382422445901467,1.6306609168413273,-1
0.6769502509113838,-0.29139337910403723,-0.07882202088578268,-1
-1.5569170072415626,0.9677140481394824,2.2399912841136387,-1
-0.7875160283963489,0.8699430475231699,2.6189402222366014,-1
-1.4376625129917613,3.386195072629236,4.774395919116029,-1
-1.1265687254279757,1.3821643685709755,1.5793837144050324,-1
-1.062150147980347,1.9688152577272553,3.9552718651741,-1
0.8776567836808405,1.133579128094663,0.2222969427865509,-1
-0.1634208344586573,1.1496712334052377,1.598669856394019,-1
-1.7945102707762672,1.5624155434759996,3.1196458954733695,-1
-0.26322674101399435,-0.6206871954261524,1.1711302337741736,-1
-1.0672357478138064,-0.8822258701501763,2.2365780510864126,-1
0.7986656360009076,0.06107525476068199,1.7053837436125943,-1
-1.0578614288038082,-0.1936482353814271,1.7398813366443744,-1
-1.1403645097189197,2.4040335576554672,2.5522469805545254,-1
-0.10083132261413771,0.8210958697426655,0.6978366815861575,1
-0.1820704970695501,1.9928658833872817,0.807475710168591,-1
-0.6523661088319683,-0.6618627864334642,-0.7234742341747488,1
-1.2439471140707012,1.7044467897377547,3.3894824635010585,-1
0.7917716237586644,1.960473498889583,2.5694144332315427,-1
-0.8753365524958544,2.0450959791408274,2.967547700629535,1
-1.811893809892028,2.0003136477989063,5.176012845680678,1
-1.5200636925907942,0.3912241030293351,2.545169679400294,-1
-0.8378272466314453,0.7732397862053754,0.251491239915537,-1
-0.9271925851592077,2.175042001321008,4.06690735883347,-1
-0.6930190296823727,-0.7578515372753867,0.1254018778335038,-1
-2.2006108175720644,3.1149671517774493,3.5894214249079917,-1
-1.778077886598405,0.1982415206184702,2.722513176867995,-1
-0.979382952710678,1.9471508928020707,3.049286820982057,-1
-1.1833696053937117,1.8282230567781643,2.8018338475989784,-1
-0.8746771572529567,1.8385111924999549,1.2079900404087138,1
-0.7292947537684346,1.0063961525344174,3.6661581652062964,-1
-1.528262630796627,0.4700473233570854,1.4562366111283374,-1
-1.5985064391629962,1.681362922833936,2.5172934809891494,-1
-1.660821672939096,-0.1506628089149048,3.3216715810600395,-1
-1.2504880486343002,-1.3270583839456438,0.09462294489176246,-1
-0.7895134143730251,0.5668601165600141,1.7968993988624071,-1
-1.014569506283026,0.12210094773646601,0.2860115536580501,-1
-0.21692769599362471,1.0096833756683468,0.8436827925567829,1
1.6599691276614537,0.8684543681426156,1.701150958406119,-1
-0.20778464032171898,3.3008696419018095,1.8653133455839626,-1
-1.0053954692250422,1.4644277817998201,0.8536165578836259,-1
0.07287264446601888,1.4686592105906582,3.4260950406465978,-1
-1.1847782714453248,0.8760822347541258,1.0963763096267167,-1
-0.18606983645844355,-0.1674437315573738,3.0772504975515926,-1
-0.5132658526781896,0.29481544915323477,2.837484360939903,1
-1.4503463979371625,1.5083346571250353,4.677653667417629,-1
-1.3631263364452115,0.43792628685669976,3.6622172584400823,-1
-0.5597478709023375,1.0527663246793555,2.845796433815804,-1
0.8289078316437449,-1.1849524545822356,0.5804523176182292,-1
-1.0888125246847202,0.534460269554199,1.4782159917676423,-1
-1.191862531227661,-0.24835387905415096,1.5366095228561443,-1
-0.7478120241003993,2.146302846281254,2.895069748806909,-1
-1.1611836107170768,0.18384669845253226,2.296728494902383,-1
1.4526544062851408,-0.7435516915458754,1.4019637462950594,-1
-1.1878265355717985,-0.15528509624821543,2.30674543284469,-1
-0.8892164981591308,2.8512179666015083,0.37959780327933285,-1
-1.2215399480543419,2.1372404457665666,2.806182664515777,-1
0.7223519878282944,-0.17027328613350393,-1.292918151086571,-1
-0.9898256995662331,-1.5487645557448815,0.943201315693788,-1
-0.8234057521017691,-0.33962230027001333,-0.5775864178543088,-1
1.1886909432952464,-0.71332874090519,3.012507699207497,-1
-1.183173867223497,1.772573335827357,2.8011569087079207,1
-1.285181563686114,-0.3612817994311527,2.291762985965167,-1
-0.40917688079825676,0.6050859626667967,3.602574930647784,-1
-0.4207460839745676,2.023276376001349,6.12871515137867,-1
-1.30864843802557,1.3610136852880033,3.765538028808053,-1
-1.5966738185805656,-1.2883007457106466,0.7556372177567355,1
0.457858397226182,1.2829884040595867,2.1685764216331775,-1
-1.2263646270234214,3.704131577639718,-0.34384556822824713,-1
-1.4774790535535969,1.2285261301437962,2.43631485441284,-1
0.414283639745936,-0.4650768148065652,1.2707686091155639,-1
0.3535517620353468,0.8345074852705479,2.317697508736691,-1
-0.7093888906461621,0.28390130862603913,0.21411259445618094,-1
0.16279682387216568,1.255611346764473,-0.9180403413012023,-1
-0.7506947475039715,2.8119986331320646,3.1107490789412244,-1
-0.7914316574363511,-0.2305377332313628,1.17835159303397,-1
-1.4764998929722366,0.8607648940561519,2.9379643366812758,-1
0.30263284186846773,0.5011869891932519,0.6912688012164598,-1
0.6397162347683957,3.741224528473752,3.866659429189208,-1
-1.3057358344986771,-0.3696488728594714,-1.8847735768452574,-1
-1.6855616072135347,2.444337061421446,-1.3033045588925438,-1
-0.28168989898205815,0.996553706934548,3.3710426130991724,-1
0.5403642199397685,-0.16614224379950715,-0.23874996930556847,-1
0.15657072535725713,1.5356305895117397,2.309254366080289,-1
-0.5825890595599572,1.4362257936656913,2.807427913879835,-1
-0.2607918050072405,-1.5391754638819568,1.0086603188669483,1
-1.4707189181066476,1.527591988549999,2.2268094604485427,-1
0.11171818871732171,1.1013988805966537,4.437499046573524,-1
0.10709230619816817,0.9699315941165076,-0.25746070646793456,-1
-1.2108127451272566,0.6069202541228208,3.765196530754238,-1
-0.8411104967905001,-1.1472113830670616,1.6948998313995849,-1
-0.18872279670019118,0.38953748215228623,1.3884771752758849,-1
-1.9007967781115138,0.8592470166045915,4.788719286988383,-1
-1.6634160548733499,0.5569040138210425,2.383594121872346,-1
-0.08335348132085914,2.0070140668229355,3.167131874376203,-1
-1.0177869024520572,-0.09950172307666431,0.27629475758824285,-1
-0.8651051912707604,-1.1744565650782095,2.280163525770345,-1
-0.8803200333761788,0.8633904696451674,1.9304193172052733,-1
0.4273104723263978,-0.3720529926839153,2.201942530609188,-1
1.2578092803152927,-0.021176490417885604,1.5202582127186937,1
-0.4858931990549288,0.6895585027220535,3.269810568840039,-1
0.7805584912566901,0.69029340432847,3.286951794477395,-1
-0.3816730726318568,-0.2582474350764501,1.7447244505338053,-1
-0.2615919435995885,0.6693175070796714,2.612107658223954,-1
-1.591220594713236,-0.9285151474359745,0.7851106907559818,-1
-0.4398866227745634,1.2211418653080832,3.140405538948425,-1
-1.4660077002901413,-0.47411006022091684,1.9965776390319023,-1
2.2731369860929145,-0.9686423159915193,2.7653672348089486,-1
-1.3575644584478501,0.5523350913737318,2.636084553496759,-1
-2.1392600175314924,0.9098755087585756,1.737629656384196,-1
-0.3404533937292217,1.0147085086206675,1.3642473552099679,-1
-0.5717880102155629,-0.21866985829878727,1.567879736412155,-1
0.8212640932877007,2.497070895356434,3.3609934107240638,-1
-0.08771272315184732,0.758895190618601,2.832135001517578,-1
0.8637609198429501,0.29770027972397395,1.0890846467383704,-1
0.1896685548099423,1.4342789015305442,3.7431107836257933,-1
1.6711875026370082,0.9907463612173225,0.12209712595243985,-1
-1.225771855523528,-1.6250213565340363,-0.75300913511304,1
0.3508045708399453,0.24759247674986176,1.7104748098900269,-1
-0.3257643365447359,0.8537851212569058,4.284834472602903,-1
1.3470730890230547,0.5011136999447867,2.246229913536768,-1
-0.2480843995105927,0.45516026440708557,2.992219350623597,-1
0.6773901840771511,1.7431168074621846,3.7020060852988923,-1
-0.24694319555521374,1.2014805232905723,2.834323467971208,-1
-1.3729357296281988,0.5882995169577716,1.707632453080057,-1
-0.2554803532257438,0.8815146978734018,0.8057331059783169,-1
-0.7793458888317156,2.226426648204443,4.483743443970162,-1
-0.8405926837802086,0.7863617282852358,2.949179300118562,-1
-0.3595112562073398,-0.5012517735258738,0.3178312580107687,-1
-0.9115398640479531,1.6550642537021323,1.5975285939103343,-1
0.7553491595987274,1.0470343472929058,3.516172467131764,-1
0.5710906643318252,-1.5268590504540458,2.7489113947429233,-1
-0.51150422203992,0.9078309596445422,4.661949123857569,-1
-1.0110170339087574,1.3747152672940608,5.599870600671713,-1
0.017043389037133667,1.097191912160934,1.6506173930165364,1
-2.1609726494341923,1.2752654025915515,2.4241529793062075,-1
0.1318979198657095,0.8453598100775668,1.858646024633474,-1
2.5516552900382705,0.41590161424279104,1.8384373779964611,-1
1.475962252414318,-0.265175834915266,2.0135759593465212,-1
0.1370987553591763,1.3176274469975102,4.066917320633234,-1
0.14378420148842433,0.05256927657213138,0.941790290455038,-1
1.398490251574343,-0.34778857303824356,0.202986854753484,1
-0.8715299258120179,1.1969811163217567,2.5747826696407885,-1
0.6661004889535992,0.7517404153966947,3.932190886235251,-1
0.4672992162005927,-0.03897920845533973,2.1759278158094237,-1
-0.3803279311875553,-0.27436429863926975,2.070337675955475,-1
-0.14392870906889363,-2.204975817633722,-0.18609508308204492,-1
-1.3332474700101584,0.9210311875944713,1.7431619142354409,-1
0.049155635423906725,-1.3012455924175084,0.35045952403763353,-1
-1.18027451352572,2.027277976584848,2.086113038884536,-1
104.04408933569951,11.51620002926391,7.838119428032293,-1
-0.6713017759620054,-0.1920141356430687,1.3864438508813552,-1
0.2562456752311686,-0.08980463132214744,3.4725366687030172,-1
-1.7896728379656475,1.4005126060255781,0.3134562245049974,-1
1.9046025077880058,-0.5451937219667236,0.1462888762947255,-1
0.9595449951283848,-0.7030143871633281,1.3746413507840092,-1
-0.9264110950022346,1.4304111681312504,4.017574192945578,-1
0.1861637494424655,0.887719274838519,3.180930562226436,-1
-0.45773866209542363,0.16425643727729908,0.15488559076445202,-1
37.30058024377988,6.17079083690128,4.797691778021387,-1
0.25608196352313056,0.21868358453826212,1.0700209131110017,-1
-0.6796966392814903,-2.190072312732756,0.6397018082721401,-1
0.5432110423834615,1.3216809810426597,4.065399654443884,-1
1.8419255358545348,-0.2888193928167282,0.4270522552957563,-1
-1.1248844958296513,-1.2168590408828137,-0.030635053902454065,-1
0.3572529743176659,1.0656893883986691,2.3143604343775754,-1
-0.46230290959071246,1.0508421636187188,2.7050627799816964,-1
0.4380425777528863,1.422325656119208,2.966570566042396,-1
0.5025477975481504,-0.558980792357657,2.345868241937865,-1
-1.316348910240126,1.3137446297588207,2.563108407384864,-1
0.5746207655789038,2.0597507420026657,1.4645320547916878,-1
2.3606467518471095,0.41848715866028363,0.728634793486261,-1
0.7223507306945522,1.565509928040217,2.703364464654572,-1
-0.17545629175065813,2.0765329431533495,4.624287851388008,-1
-0.6640992082188447,3.079686071935468,4.395567156075184,-1
-1.2983300641698667,2.256160698388152,2.118920478077428,-1
-0.48388416114608856,-0.6116756039483852,1.3979820260961138,-1
0.41023707035047224,2.5753000531577688,4.494442195943404,-1
-0.30735138499344783,1.3224139164596607,3.15407750552073,-1
0.27329448723764943,1.0829908003135542,4.085135308399464,-1
0.33517295226382376,0.32760095472980594,3.52420733608501,-1
-0.032044564167139154,-0.7517154341274381,1.7678288590103854,-1
0.5858479736694903,-0.13333116803051207,1.8653888150958104,-1
1.3737912457652963,2.0538190148730635,5.472590461829136,-1
-1.6875306619803079,-0.5584668539563199,2.9393303490912683,-1
1.8963825566203045,0.7144331357011818,0.3249335261918928,-1
0.7748779197777644,1.2858265160458078,3.352547890181888,-1
-0.2604675539468119,-0.5724192050420102,0.8839040067106968,-1
0.5730191469578232,-0.9065653096870104,2.0504425516353577,1
0.5889871197245105,1.4222144701631692,4.273424906684658,-1
-0.42693326517313906,5.459728777454506,10.153812109984296,-1
-0.11628713395438878,1.7094031701141152,2.387932322389214,-1
-0.05869277527223001,-0.006856489306195553,1.7630032202350112,-1
0.7732976380739891,0.05908019222904966,0.6348351637489619,-1
0.88357003842479,0.4828219926619634,3.291236870502436,-1
0.9055870179385352,0.2638543758992354,0.8531012889313099,-1
0.35759467195472155,1.2019467431991093,4.999806521158184,-1
0.12691807171251218,1.7134728413886358,3.01236873239918,-1
2.2025844930455905,1.5709775954959577,0.7131489907300712,-1
-0.5733500186402682,1.445211569604241,2.330800090084906,-1
-0.1278944094923043,-0.44468990796022995,2.46358712672341,-1
0.4510779357258924,1.492712678709051,3.0624858185078336,1
1.9943579308708557,1.8394977861029325,2.8536534950898047,-1
-0.79599926477847,1.3394197215380745,3.2552293193241484,-1
-0.21279081681272308,-0.6140423942028476,1.0282243521806502,-1
-0.5902665411999963,2.083241119419464,3.9044972665348325,-1
0.18553985914761476,2.957118259424361,4.770874851159613,-1
-0.12739414495800216,-0.9548187300468294,2.0169044660538185,-1
0.5283754472645826,-0.21528013999857443,1.5878501365543358,-1
0.6813131489011776,1.577104571267324,3.9150232055275764,-1
-0.8278274651114883,-0.3971348585612696,1.8820337913079543,-1
0.8453218308461741,-0.01295675458212772,2.6821463670544476,1
-1.3288428520485833,1.9808886257808902,3.9456883420545528,-1
-1.0409160153159918,0.2083694488701569,1.9938842664858119,-1
0.4700559916964347,0.5086771828014095,0.8987662020228409,-1
1.3611095038343972,-1.3684278112220543,0.8998028960193267,-1
1.4911777488920135,0.02977314891594375,-2.133606492543305,-1
0.7158460615888033,0.9724036706002146,3.838460032022379,-1
0.13216699541744875,1.4986613535565818,3.2470888818448578,-1
0.5673345690709293,2.8254342211255143,3.6307123525175573,-1
0.7665374101180634,2.165721144242268,2.1699896016758267,-1
2.071642454658912,1.8322252415643605,1.6543446673545787,-1
2.340327635910422,-0.808721454802078,0.6078687349213112,-1
-0.5839335421822485,1.2959225510129402,3.9571640442876164,-1
-0.8104700241159146,1.8278459798582938,4.234286140280924,-1
0.4911552315819693,-0.44913416155472397,1.5548143012457383,-1
1.370673771141523,1.8920749628303841,6.339540627750906,-1
0.7876520006228855,0.19387303768222292,2.5196431484650166,-1
0.0824121571120837,1.403182806830688,1.637576578961088,-1
1.3329371644303232,0.2221691455422418,0.8863574303328811,-1
1.6269004852391376,2.700568211765423,5.918736102221833,-1
0.5995271041351409,1.1037597661439882,3.4792305700560546,-1
0.9357209379077677,16.199067579253864,98.73589977001457,-1
1.3733599718077218,0.7741123006121691,2.1658426640930477,-1
-0.3715025126552433,0.11407186150937926,1.1732607364829817,-1
0.8924633455080354,-0.1392160599783656,2.2111249756521927,-1
-1.188653112323183,0.45614925380268684,2.352504005725531,-1
0.15444263981776774,2.1178035596950884,3.4117366045500956,-1
-0.616687133098594,2.7031967552262435,4.393370532299303,-1
0.3580333648053958,2.2368581274346604,5.51778982889913,-1
0.03780143736453795,1.6212653630380274,3.186030682438947,-1
1.2774362130543329,-0.038538985322245714,1.635517883795673,-1
-0.05875174113503136,-1.0601160184107121,1.8815234986712885,-1
-0.3027456700527669,1.3779878437365445,3.4064390858211104,-1
-0.9002016123746358,0.041181038378154906,1.2592062241971875,-1
1.6349449672089176,1.4530140222653143,3.3183360148424432,-1
-0.8452609862168498,1.1680686539945981,3.525711538384833,-1
-0.7997572286815763,-0.46289822705330075,3.7308592583549722,-1
0.7231007239245106,2.104656058303879,3.1322956489923808,-1
-0.29151925960267216,-1.8862151416389232,2.325280362963689,-1
1.0420592782278495,-1.0201141598543042,2.07597578546569,-1
1.3382697934992258,0.2802800161609141,2.176285750027084,-1
1.5554671753384866,1.3149571762012755,4.7197947695276365,-1
2.0699667343774046,-1.9609484129076513,-0.019408740282376723,-1
3.317875480570496,-0.28754598663295056,0.1511948452124846,-1
-0.6533039294804851,1.5583567161531442,2.909012461077025,-1
0.8397906860363797,1.1965454205303618,2.267203374926561,-1
0.009735662066890385,0.5998738219109016,0.6446866697556394,-1
0.16166313705816637,1.2653250337321948,-0.01286471588855038,-1
-0.7404244039036394,1.183106951842035,2.1119499443059793,-1
-0.05884164213768828,-0.22057740998126896,0.7599880859263958,-1
0.5177729249424433,0.3002819972050298,2.4709358735253777,-1
1.3005842832007288,1.96464855070932,2.0772099581882566,-1
-0.8615347138308639,2.0716214356718736,3.362314106766433,-1
0.1579398843900395,2.543609993385324,1.5110193972322663,-1
1.5050752982209987,1.9113608438897522,3.078549893964019,-1
0.40202317715049707,-1.3662415374263175,0.14712345881190583,-1
-1.0250273266361356,0.21553820346890112,1.7858337378735019,-1
-0.8878491066809956,0.9857644936380471,3.298308486875983,-1
0.6102361396946693,-5.393379516159319,-0.6808736199852871,1
0.8913933947220126,0.8472684163717282,0.9450018709104704,-1
1.2584570496588825,-0.14278638782205083,0.6433385500174937,-1
1.2151423583110876,0.5967994243352083,1.5799659743005088,-1
-0.34950455364356553,2.4415570117628373,3.8202597627919173,-1
0.558308864319143,-0.8745709329364829,1.1008872975765014,-1
-0.38008094859357566,1.67065160892015,3.3626416699795474,-1
0.9370405561570715,-0.6713383301970166,3.017192563040079,1
-1.9726293887120587,1.1216157215141638,1.686312843474038,-1
-0.7286641876046133,1.0594692940155863,1.2054701097930611,-1
0.32298426486895976,0.39562909317437855,2.1497152580833587,-1
-1.0031869849680304,1.903854350990524,3.462630619143759,-1
-0.038488614733434186,0.9778998091059765,1.3930717476864494,-1
0.2739156651292769,-0.1717807647429027,1.5654903356143206,-1
-0.5524953600590811,1.011425611658379,3.735666332001159,-1
-0.7895649641224477,-0.49023791005990214,-1.0985387230691825,-1
-0.06821048523010809,-1.2359627660784789,-0.4382285678401373,-1
2.5330725267704324,-0.20421542745783994,0.6141624624557226,-1
-0.8471317305426822,1.9281294000647187,2.618961859696313,-1
-1.0852599633260482,-0.22997966759625116,1.5027761876449992,-1
-1.3081096950002895,0.3424438005560148,4.240387120168881,-1
-0.6611319637514135,0.4930190438244662,0.3157873001765129,-1
2.133079421708412,0.7627962397211484,4.189501797285943,-1
0.6642761336421976,1.303755271933298,4.945217516073907,-1
-1.272897938683216,0.07073079132468715,1.2008090319518738,-1
-0.5313887101609065,1.5859081793095986,2.154674290423078,1
0.8772513799680925,-0.491056948729637,2.2288419807843396,-1
-0.23254814319061842,0.3957656942720441,0.2973267922219264,-1
-0.267743163953861,1.3789860354249859,2.517689248965244,-1
-0.9844207799205893,2.3111239473712115,5.8145930696720365,1
-0.6233136417518217,0.41854457712687904,3.960043275094025,-1
1.120562391566197,1.0093176151150398,2.8515521251709686,-1
-0.3156574236300468,1.4179365531622516,1.2854634582921365,-1
0.6878462122585817,1.4982857596502315,3.3511961583798837,-1
-0.39535796161482384,-0.9542641041033906,0.2549542202841823,-1
1.464986443767182,2.4691335017268723,4.220135773643476,-1
-0.4905188149482043,-0.15488701931835985,1.4797939156579512,-1
-0.19360936707386003,0.3781258461416061,2.675044114676089,-1
-1.0701630505960344,2.428841706744685,3.359198794030598,-1
-0.7067166663340281,0.805518938624878,1.6659998981026356,-1
1.1226644751456911,0.3752357253139713,2.2966768110510722,-1
-0.5013465592290186,2.781994861812794,4.422363528378004,-1
1.5671327183540766,2.79934733788136,4.829892696562659,-1
-0.24813205517336553,2.347219883138353,4.277813073766263,-1
-0.7613556604444821,0.3266449541882751,-0.17139189306724517,-1
-0.6006531905654043,1.914449564273631,2.6341554095932134,-1
-1.5424708542446615,3.9131209873242803,4.304245761581792,-1
-0.5957718602980766,0.7809656332661393,2.065468241398971,-1
-1.225299987666934,0.28372008425131956,1.7014856545050088,-1
0.7045918071385162,-0.8085999283682428,2.2238955467692834,-1
-0.6294622996269451,1.7041465818059254,3.108625919900871,-1
-0.34096761664207614,1.2743833241086067,2.1635090174052807,-1
-2.3301281033200287,2.1434519738659867,3.3617082285051025,-1
-1.1362365556229543,1.8731842571477533,4.861769366379026,-1
-1.1324657442778168,2.5898292868051396,3.005585082265066,-1
-0.7779313974111216,-0.6749310035414023,0.06934238129011523,-1
-0.4785478752735451,2.2208316509605845,1.6620350771714087,-1
0.3846864017592625,2.7743476256565724,5.102736961060407,-1
72.85815477059577,7.5184670921386925,2.791917381432663,1
0.10602643773276212,1.7000737051256456,2.4680378507291443,-1
-0.029046947496690016,2.5347741786672913,4.629100030653746,-1
0.3030689250218984,2.8476027563520874,4.645907420825649,-1
-0.7669769811915778,5.3207496098470335,13.521240682278586,-1
-1.9433713572670435,2.4472839376067705,2.707077150819787,-1
-0.6989359236210512,1.7356268311727587,3.4561363572249086,-1
1.9452861283760876,-0.18902138100690055,0.7909675338541791,-1
-0.1901905646145803,2.8895478085006623,4.187575615676422,-1
0.8458548537047352,-1.6055499894685907,-0.6627543135200833,-1
-0.03665032916293727,2.447566767049033,2.9491359057624558,-1
-0.09977512959793036,0.09605946602881049,1.7834787799594793,-1
-1.510697162934852,1.844776286407785,3.980397187241866,-1
-0.560855837661116,0.5175711935401502,2.123594994032816,-1
1.055447608338314,1.486850814755167,3.171095900355955,-1
0.032869162022552634,1.6263234270845297,3.4868279522456485,-1
0.805487333510452,0.5598003240065292,2.884833002851522,-1
-1.3369331998198486,2.16808787352713,4.038827046733734,-1
0.11142540266620092,1.2997293026232979,2.383615865662563,-1
-0.38907289744216433,3.475990899961058,2.668480802791626,-1
-0.11475529506485733,1.9022425244420273,5.411094866968382,-1
0.31483045636839824,-0.8672390092378084,2.372312079318141,-1
0.17590735957805412,2.0201498670940463,3.864627830413988,-1
1.180806887636946,1.198114121958813,4.809140149591541,-1
0.12051406602541695,1.2118510378463934,2.5678203976989042,-1
-0.47661909723205026,2.35293843210406,2.6948372574762183,-1
0.9383267640500731,1.410719662613615,3.7638814300954313,-1
0.028230123441732296,2.012650247589609,1.9368209933100666,-1
-0.652264938752565,1.6136686610311892,4.263021329110629,-1
-1.8837717865878785,2.3094671964630917,3.5325425672404194,-1
3.0994006173937136,0.5295944196185796,0.8002273861775767,-1
-0.2634223176620323,1.5391222839987089,4.67830206614385,-1
-1.6690359768074365,3.161303336554231,3.8606607948147285,-1
-0.0846427130403464,6.88687702686778,-0.05649053241120007,-1
-0.35122424034108984,-0.88824984162616,1.1280180543972447,-1
1.3299892887602043,0.8309009013448966,2.590154138194349,-1
-0.7342316429413164,3.08127629669329,3.6978440466127354,-1
-0.1954697131821379,-0.5386589811512993,1.5022205511084983,-1
3.617490573506899,0.556638479969191,2.302201371209683,-1
-1.042248680731812,0.04439339181239487,0.43284035197871357,-1
-0.17112182490300096,0.37659544753037705,1.0795739783228389,-1
-0.23538439448339146,3.554135011523705,1.642083013221176,-1
2.0511560450567403,0.9118645603897032,2.3186510549621717,-1
0.7146681942392847,1.504655381321433,2.6025184855998025,-1
2.3334901799572276,-0.7003530944948719,2.090915231030342,-1
-0.5455459149984991,-0.32654958403144596,1.638427410044674,-1
0.5998693255499338,1.5639423305371656,2.2009341893679597,-1
-1.0142062294221366,1.8298427139758517,3.367416925014679,-1
-0.42110660799478544,1.4964907548112163,3.427837664122374,-1
3.851230865047942,2.1390721618558803,1.1499025282983442,-1
0.8894224101486902,0.019204360064389758,1.6692417258357046,-1
-0.20154477600217902,0.28668845141049887,1.3834017507520313,-1
-0.6349418027169281,1.2588747708173864,2.048055139079509,-1
-0.5705202366987053,-1.1140826209649926,1.0980366500750003,-1
-0.4370716262630112,0.550156467773932,0.5300679652775383,-1
-0.10609705608816213,2.7819937943803192,2.82534963535425,-1
-0.267587722089184,1.4446246452158202,2.833202882324803,-1
0.41157533355537396,2.3649452111907165,1.136341064168153,-1
1.1820487163930784,-0.27494621293501376,0.27622283847735196,-1
-1.0359123837265025,0.6549356167534313,2.106904230354469,-1
2.528334402571941,-1.1687865942652493,0.6363921467195356,-1
0.6539894981584965,1.1191185736635911,2.8648561699919837,-1
0.5993531547598467,2.715086098002901,3.8205150855108365,-1
-1.4395980678324702,2.598030152106139,2.0261883246469505,-1
-0.44019362439867316,-0.44176096696886363,3.5358089302058926,-1
-0.5599873432945593,2.233015009929822,1.6801483552647845,-1
-0.93317338673321,0.43296125938050584,1.65130198891411,-1
0.9046796331141673,1.324835528320655,2.3939379642230985,-1
-0.013586152908531074,-0.02252832958422919,2.368976345607807,-1
1.8069089421857383,1.7832551535253838,3.1816244118582113,-1
-0.2229116611945115,0.10882314574080908,2.6328918375627604,-1
2.1611654808172194,1.187785231163908,1.2849942002825088,-1
1.0035472705252837,3.2931556734117517,3.537238883019258,-1
0.8941152089540292,1.3721668631767698,2.7804833064066226,-1
-1.1364305391587426,0.3567012359013536,2.6316582071037202,-1
20.52314236456415,2.60256397594564,1.6069200271510178,1
-0.41619809684690556,0.15998906030381002,2.107393678408283,-1
-1.2683392675786307,1.6582383545730601,3.138928342972027,-1
-0.1294645487340831,0.7058086313960886,2.956863001902902,-1
-0.9853135317623706,3.482080286965084,2.364948105433779,-1
-0.6758660592063321,0.11088749855759322,1.1411533748229212,-1
-1.1394104665032707,0.8159347388513318,0.37213488029296027,-1
3.146903510615515,1.9768495723823098,0.6025871034280331,-1
0.2907419414121907,1.1307584473718297,3.3672473115997867,-1
-0.8069485668579836,1.0364958289829085,3.50975597909054,-1
-0.15699578993088004,0.4874874864902461,2.2065113480683887,-1
2.9301596557183993,-0.5912537253776626,1.3887003938911053,-1
-1.0097026449322482,0.10964249521966543,0.3951238311642143,-1
1.9124241427773505,0.2035535619915383,1.3367349950082947,-1
-0.49669872664117204,-0.8309669342957826,-1.217793769808838,-1
-1.315609365098166,0.9337137598723358,1.468503655422448,-1
0.156823496719298,1.7181953215418762,-0.04576833566899733,-1
-0.8859156075837802,-0.06100657128995709,0.5879334533521473,-1
-0.49211703420720965,1.220555477040582,0.5673856692592557,-1
1.4275052330049594,0.4160916132821121,-1.4493381782351105,-1
0.8088236201982698,-0.07786369886626841,-0.19780834332617442,-1
-1.7094088734307091,1.4424596177959617,1.936194604450304,-1
-1.130413522809945,0.8081225370833475,0.5689632981225691,-1
0.34438055585575766,-0.3973918827481518,-0.8059816699850975,-1
-0.8703569677214649,1.1229672961862174,2.318014476465434,-1
-1.2715194724298706,0.25738596260347435,-1.3349395955901426,-1
-0.4140828424239257,0.29200272683518597,1.3071697359637788,-1
-1.4076259540010765,-0.5986211712259395,0.2085015992837511,-1
-1.6065700294524723,-1.2896809124018402,0.4874376542994969,-1
-0.8448148285843133,-2.607375951279911,0.5761157064715456,-1
1.4413392967494472,0.0867658339569252,-0.4323153948310113,-1
-1.0101337046552608,-1.308052059790558,-0.7882587456356243,-1
-2.5589214965524607,-0.14593940823570564,1.864240117426183,-1
1.686525897449068,-2.231051213071654,-0.4592986154645726,-1
-1.6464295863213314,-0.2776795120877767,-0.1758292376790759,-1
-1.39657203387134,0.2957807566236896,-0.45972541128519323,-1
2.2397848846528587,-0.9129852476967243,-0.10326544092847968,-1
1.951284048922094,-2.5723035224717092,-2.0539742500875744,-1
-0.7609935123541413,0.30547084346342523,1.5370754291144366,-1
-2.2194566291260545,0.42667886883661044,0.3429886300488915,-1
-1.2054594048316358,-0.7218989083792722,0.49477370278529587,-1
-1.4318520996128736,-1.0750163926766856,-3.2713850158293445,-1
-0.5298300046644491,-1.2530951391997938,-0.6100519807556117,-1
-1.2565926191876113,0.7517825703162262,2.108193877856743,-1
2.193003381874432,-1.2581950799445154,-0.05463164430181232,-1
-1.9472819431434498,-0.24215627444451057,0.7593885163974858,-1
-1.9478045278381693,-0.805253268577164,0.506983298203008,-1
-1.1188192679725386,1.0259147233359884,0.43898189476772526,-1
-0.6052844222720266,-2.9017402004297845,-0.5675480786266681,-1
1.0855871084103081,0.539616445434749,-2.1164620534769907,-1
4.448628196781411,-2.3962955768828427,0.5630944072743657,-1
1.524525893478024,-0.8883981429586817,-0.23760089611015325,-1
1.8419907106436395,-0.9182533908548366,0.6491846683551467,-1
-0.9816539744629559,-1.3229840510869533,-0.4847260707666105,-1
0.40459175514286005,-0.6696268189389305,-1.456184882828277,-1
-0.9627098961030981,-0.43585228741046855,0.04917671377044996,-1
-0.45570460782465694,-0.1283223133889497,1.3631910726274146,-1
0.6826378980477746,0.0368486999387437,-0.8241756598538182,-1
-1.1503916045336733,-5.732208919965279,-5.49244331190912,-1
-2.0890718954284195,-0.4861249389715239,-0.6758229316001066,-1
-1.6556613160702598,2.4613269051589297,-1.5284726669626,-1
1.6132199635710835,-1.720806575208967,-1.3282058208421674,-1
-1.4062705132043376,-1.5961470635348634,-1.0339115550356297,-1
-1.8048021685686257,-1.6894760658717447,-1.048927999264546,-1
-0.9362711091089804,0.6131367618108476,-1.0947785629651414,-1
-1.4398516473771608,-0.9350108253873164,0.057509965078591,-1
0.6763033384937406,-1.5899646261169709,0.2865415724392173,-1
-2.0079661085839478,-1.807515547427069,-1.0542693840847348,-1
-2.1099397888641716,-0.030984780932519794,-1.3189352292265213,-1
4.056219634013034,-2.62263602250616,-1.5737915459506817,-1
-2.3839127415090533,-1.280472562667391,-0.5380421421701318,-1
-2.2453728666293227,-1.133995108841206,-1.4369218593212345,-1
-0.5956401460144303,-1.6362443973459238,-0.7073865096816052,-1
1.024194181869441,-0.5334458585337095,-0.9091742598185114,-1
-1.7299765125958657,-0.9952402734203531,-1.1131958954503822,-1
-1.1812176122066225,-1.1369727541164787,-0.09492829472649615,-1
-1.4960163797069963,-1.9739441857568072,-1.6754329501280552,-1
-2.3968149352174017,-0.9108160379581868,-0.25414014322331197,-1
-1.746734106578195,-0.08509208560492057,-1.4919282098463824,-1
-0.33398898212575673,-0.45498149527154125,1.3770631629623435,-1
-1.002226773575667,-1.9225531438470025,-0.9610205458198839,-1
-2.626407123238262,1.3177583310880738,-1.6633225796941682,-1
-2.295099048136127,-2.0431441415578915,-1.0054025156056412,-1
-2.2553850370119894,-0.3712939604277284,-1.253350508511182,-1
-2.039977070351869,-1.4422700159680275,0.056287524859913306,-1
-1.9382455196579458,-0.42303782286464403,-0.6610995200296262,-1
2.9491227355044325,-1.3505792484316461,0.4987484985488839,1
-0.6059227953826783,-1.940515160424435,0.4046115487466385,-1
4.317126652705226,-0.6197883289325473,-0.3095316467076125,1
3.7837713714520103,-1.7840924671309264,-3.025072477601352,-1
-1.9082011768898601,0.01837624723634852,-0.26147715529023685,-1
-2.903799368933005,25.077540863261643,-10.982692629124566,-1
-0.4795342936637618,-0.434444050241156,0.946117077299092,-1
0.4755411554586979,-0.3567495065601864,0.00444639632433426,-1
-1.0871991112290573,-1.150015693562082,-0.16804750900982188,-1
-2.3177959271321766,-1.101208037606212,-0.837646573559792,-1
-0.6698264763445627,-0.2383300203147506,-1.1343378572010112,-1
-1.2326529902967858,-2.6831415595060686,-2.2888726717887202,-1
-2.217241643261288,-2.2704699512109436,-1.477178022105751,-1
2.0115852898804474,-1.9587422219550552,-0.41662148166730123,-1
2.2133073169400737,-0.5921326260108623,-1.3882484933740136,-1
3.166321915449158,-1.914160454530453,-2.470680393894834,-1
-2.567531619281425,-0.7354385475494345,-2.3089790446974363,-1
-1.8841408031666897,-0.5528225856201416,-1.0530776116571212,-1
-2.58101910150145,-0.22010768288941576,-0.5324135114406465,-1
-1.2343419042825419,1.5162598413792345,1.7134743820655418,-1
-0.8694764410063475,-0.11647733388979623,-0.3935726885490088,-1
-2.0211996850752603,-2.007216926761628,-2.3309863066935033,-1
-2.4487037273115,-1.8821622779048073,-1.3876514047869815,-1
-1.0152075064647155,-0.7194622969221431,0.30831744583121445,-1
-1.24156839594804,-2.6131290907320803,-2.3472131357374675,-1
-2.3694614324116587,-1.9432584325985638,-3.6402465150740944,-1
-0.28051412455788133,-2.8623489199081042,-1.526227455390141,-1
-1.3229497308227929,-1.7265475280444629,-1.4686141281785468,-1
-1.7229734994725134,-1.86260894735321,-1.5333605874189806,-1
-0.6898410823619625,-3.054161963255799,-2.1855597762776977,-1
-1.223437889060223,2.3090282199652097,-1.2913525041949203,-1
-2.5888446163697814,0.23946068815688815,-1.273581170501494,1
-0.49391664109914674,-2.717490570191186,-1.3278807495228258,-1
-0.9611437930719015,-2.3347449796362763,0.08745113116816201,-1
-2.134828334872839,-0.2535612512046393,-0.06357795098887092,-1
-0.7659595806508352,-2.600245549588026,-1.8214046682836351,-1
-1.3770368716893404,-1.3809920414925068,-0.3521568161971659,1
-0.539020375656924,-4.648539588772725,-4.5991713124221425,-1
-1.0878635996282446,-1.1968511574307916,-1.1447515350692246,-1
-0.019602430031358208,-0.9903508994170063,0.6923390096666528,-1
-1.0961343953076987,-3.337865909156145,-2.405410916961605,-1
-0.6168638499577338,-2.5571672091845565,-0.46834959043874064,-1
-0.27965926735770286,-2.0220640279148587,-2.067336895083961,-1
-0.933009126020438,-1.6420380991553012,-0.585964851949729,-1
1.072467672965999,-0.7379887846682563,0.4630005766046271,-1
-1.1737412351424839,-1.06108567134915,0.16374427410012743,-1
0.0592261220196818,-0.998920827652441,-0.8122324695990932,-1
-1.3467071533262767,0.7428612320329059,1.6660099930720296,-1
-0.6528689168811468,-1.8318354263473895,-1.6205752043322685,-1
-2.1179638339127878,-2.0647734336301946,-2.192132537128305,-1
3.4244910238426236,-1.79212430945764,-1.662575587633214,-1
-0.9028798770517076,0.37993924493459047,-1.5483617470023283,-1
-1.1882351857480842,-1.3800410541282737,-0.5022563814867065,-1
-0.8104244224759957,-2.3107320695694655,-0.6447777970825459,-1
0.08087719285584877,-2.7931106634467953,-0.5864361574654745,-1
-1.4582732079448615,-3.288557351411219,-1.2513114677607773,-1
-0.7373763500398185,-1.2245846377006184,0.5001295115764188,-1
2.1095005652199443,-3.2991539685514044,-2.9666671126876674,-1
-1.6286575605310456,-1.0625164154161684,-0.9316717885453966,-1
-1.0052259628239295,0.9418095245152797,2.209632620957316,-1
-1.7279304733435732,-1.5120177290937353,-2.58454826143614,-1
2.5423436194080637,2.2165551023774572,3.2530910189806117,-1
1.1480583081859992,-0.32377477192240833,0.9376763432377431,-1
2.369103343462001,-1.9909036403008553,-1.5953792399990638,-1
2.285344286985238,-2.700330830433892,-1.3213872175667105,-1
-1.5881669768264497,-2.1290611934366677,-1.1978544639394941,-1
2.5846184456840464,-2.1123786426777635,-0.6564125227283993,-1
2.724639156331023,-2.5618175920296786,-1.7951461194700755,-1
-1.1176693893025769,-0.9445561214804526,1.0314189669960752,-1
-0.15997664256643848,-1.8068801441417885,-1.1272663309886393,-1
-0.4150317888719443,-2.3049545933794366,-2.3486250993159565,-1
-0.775722660810051,-1.2754106278351072,-1.1830255724281027,-1
-1.5496391408772745,-1.6569034236786129,0.6450261601338828,-1
0.45068185166336017,-3.172964807963258,-0.27365651612584924,-1
-1.250192228635821,0.7330204419768158,-1.9288395796731137,-1
3.06758208138709,-1.2047429641599023,-0.12579915655499763,-1
-1.050065803621544,-2.08655788238008,-1.8906400717182184,1
-0.2239654682191152,-2.449815603595891,-1.320328042615816,-1
-0.8698958521563579,-1.151695722385802,-2.7271915634187613,-1
-1.3950989867973793,-0.16396570272534744,-0.3523222997727016,-1
-1.5992488742865643,-1.2036452266383386,1.8630973314719546,-1
-0.46934685974578694,-0.14405704466104696,-0.608296016204918,-1
-0.9779738007028788,-2.3024810693939415,-0.6152667015481896,-1
-0.7764230749828935,-2.001352499631965,0.3639447000204826,-1
-0.7779501704435776,-2.563299778727343,-1.0571043073667565,-1
-1.5141828308418814,-2.3761024759393754,-1.9063645539512215,-1
-1.0544751061276512,-2.0531198105376403,-0.751655606592678,-1
-0.9833486642141134,-2.5545014423850776,-1.598056217409253,-1
0.22931417022276865,-0.2998275090077345,-1.008370174657496,-1
-1.4690470598096275,-2.307874275181214,0.37557637066486266,-1
-1.7853250699259913,-2.607086303385996,-1.7348084646064015,-1
-1.1713005855899772,-2.1332652666291345,-1.927258759422434,-1
-0.22164768190625048,-3.0971713194752315,-0.7686908064497624,-1
-1.8086337677947497,-2.9567707144706454,-2.5645312183495554,-1
0.2903260907796681,-1.7545060267865287,-0.80260439169598,-1
0.019520892452164408,-2.7503620066644356,-2.971586125937191,-1
-1.481464121009772,-1.280679616410767,-0.09332061761055584,-1
-0.9648580874225078,-1.5508669614759087,-1.1675939776265254,-1
-1.4189055428251696,-2.6849551171885073,-2.2058418552427184,-1
-0.3095272345430441,-3.223663692868125,-1.6297864800829753,-1
-2.0114844915100667,-1.2444405890752692,-0.9342920020842711,-1
-1.204662836069242,-1.032654725603428,0.25240863951558007,-1
-1.1635011860804723,-1.6425738652670236,-0.002255594334305275,-1
-1.743354272407623,-3.254154210150643,-2.295948746614255,-1
-0.8708227493008764,-2.9946839712555215,-1.0541967063033455,-1
-1.9216894110459646,-2.07312489562366,-1.210332611714517,-1
-1.9127077047038663,-2.278641366579832,1.7056032379971193,-1
-0.6164184480371511,-3.048261746912816,-2.1522652007762884,-1
-0.3669802809488366,-0.6658879502685725,-2.816693266896101,-1
-1.8853308715272314,-0.9258826070632445,0.10023146513249759,-1
0.14101607892045773,-2.4993938394778654,-1.0951204895848754,-1
0.6581258379190063,0.002935708340579094,-2.5524077307388198,-1
-1.001651146861857,-3.525632757305176,-2.623874712090962,-1
-0.6308623724168543,-1.2155537642342955,-2.9325150009849006,-1
-0.37015064610151666,-2.0742039416631632,-2.63616201477605,-1
-1.3692301675712937,1.3002449005566723,0.6195079252080554,-1
0.11095201790265193,0.646951474177239,2.6597892439718627,-1
-0.46844847677858603,-1.2349800969166278,-0.13988557981820943,-1
-1.261416662639633,-1.1311140217505822,1.0789784494302053,-1
-0.31111979657203626,-0.8246262315773536,0.40825191525323046,1
0.26559320609376164,-2.7635913650569432,-1.3577965325192087,-1
-0.4296355760013457,-2.795477518108725,-1.776740406262091,-1
-0.48415221040754114,-1.5357626228146957,-0.7500316333014502,-1
-0.9148657205310652,-1.9900974381898642,-0.12915416107494765,-1
-1.7111019745780045,-2.210962924940055,-0.4451988604068768,-1
2.1616266658093877,-2.5368153237106736,-1.630456965503241,-1
0.8914841396409222,-3.1849570092480954,-0.6122972629747387,-1
-2.3220681922779103,-3.691459602578423,-2.3237041101759726,-1
4.963585999717806,-7.857287516607485,6.413806170228487,-1
-1.452726123137309,-1.4641852434568372,-0.11711379686500097,1
-0.6164933397797201,-2.1387230413492833,-1.5036885540457758,-1
-0.5895921146817501,0.3015000276652886,-1.215256669262719,1
-0.6925726263766362,-2.7123390657789095,-1.7570980020444247,-1
-1.1521885903320592,-2.0139730217970526,-0.7106846123329508,-1
-1.4794753992321652,-0.10178846654131503,-0.812617194557595,1
-0.9464871728676875,-3.9931483126430694,-3.083006549601781,-1
2.4048288003699088,0.45764266599695974,-2.58655328055274,-1
-0.5048066450524565,-3.0240124981689016,-2.3501519099522206,-1
-0.6486040645975971,-0.6171872177396152,-1.3882802132781842,-1
-0.7327143863677655,-1.4168842358845073,-0.8452316934592575,-1
-0.6581764269606075,-3.5275810686567186,-1.4068120923811298,-1
-0.3580126660415608,-2.945890554630458,-1.72129461122721,-1
0.3551694967947966,-1.7978353087583903,-2.021335639699782,-1
-1.2297479270703229,-3.091147296081124,-1.6457894502698192,-1
-1.4621956268332912,-2.152250386054032,-0.6185781964093813,-1
-1.5595600070072029,-1.932327123046366,-0.08779311980328447,-1
0.8384941908173336,-1.8274564795824728,-0.5882557639637727,-1
-1.0298357612877804,-1.6444958903021638,-2.2135658457130694,-1
0.6470810364383254,-2.105483802128208,-1.0786441463437255,-1
0.7902229451483996,-1.6323241346004993,-1.024421704773696,-1
-2.16904126836963,-1.9428194608802438,-0.8479523687524811,-1
-1.0177475462759005,-3.3996086615995376,-2.0332623998495807,-1
0.8941690809226164,-1.7539391617544828,-1.741885557391298,-1
-0.013230868645940922,0.7319570917607049,1.5787069289318092,-1
-0.2075937404151545,-1.9132256170474207,0.057624218887390694,-1
-0.7699356333386745,-3.2829710124022613,-1.9789007646306804,-1
-0.24797921107196091,-2.908745120443875,-1.9299691766068556,-1
-1.7230841252630162,-0.6927181660660604,0.7204665507915787,-1
-0.646845363706834,-2.3237262307571056,-0.9001417094532631,-1
0.006284262776671009,-2.1421193537222885,1.0626191099944138,-1
0.5629814787154119,-2.5104413326117427,-0.7785131657643706,-1
0.38995481081898525,-1.7813166532517448,-3.2202578205148824,-1
-0.2844094941882106,-1.9945974936754312,-1.5435801134761964,-1
-0.8361268190698938,-1.6750237357166216,-0.43999474726347676,-1
-1.5924610627974527,-2.0644183217494336,-1.174199774584467,-1
1.3568901917025151,-1.3799649675876697,-3.277164170041913,-1
-1.922010629949234,-0.44465167849877524,-1.9260998152564959,-1
-1.466805660646592,-3.8542444347357154,-0.7685525361919011,-1
-0.24352264863587175,0.001077192077007269,0.20821252555196063,-1
-0.1569755127564377,-2.6209181586901473,-1.532579426490068,-1
-1.724667937161473,-4.021579377895972,-1.7897760312437165,-1
-1.162557748549686,-0.7232875654537896,-0.6496223961599568,-1
-2.0649779157555668,-1.9212299959470145,-1.3739328131394115,-1
0.534192898179136,-3.4190072239003992,0.38537766320721073,-1
0.5346347678038318,-2.6507569576967107,-2.4978161564020063,-1
-1.6891879310881532,-0.010526327799166586,-2.1446006438872005,-1
-0.2166121586728771,-2.4892437687286706,-1.117126396375278,-1
-1.4109596110172495,-1.7431863473679807,-1.023282058465638,-1
0.9050211542912386,-2.173899016402677,0.29328114779758374,-1
0.22564631880530892,-0.6446920951902178,-3.280967132654341,-1
-1.3896641196346915,-0.05536980815715623,1.1442918560581994,-1
-1.1538824036771174,-2.8755456906005294,-1.435743078030868,-1
-0.7171023112420661,-1.0193943406401405,0.24333676599222384,-1
0.23884276780604147,-2.792825711522724,-1.4845523065271264,-1
-0.310483159593265,-1.3462628297256234,-1.133562530677327,-1
-2.0270808129835496,-2.0901554126345756,-1.287852454915699,-1
-0.3655715771734336,-3.7289721187697027,-3.4780834475757016,-1
-0.038859438817695456,-3.953003336879085,-2.4029763132964255,-1
-1.006679450226801,-2.8994328782219436,-2.0400690620786395,-1
-1.0443594890713483,-1.145213823008609,-1.4150966968731262,-1
-0.27517531671572554,-1.7398989105961995,-0.77509032813401,-1
0.7145397543184397,-1.2199804589729104,-2.185236228314129,-1
-0.26803240504215153,-1.7171900565906206,1.4975167097623545,-1
-0.011899044071830412,-2.306021314772292,-0.4340351828250745,-1
0.25709114244580256,-2.837406127716143,-1.7797270520276423,-1
1.9082786879107676,-2.2863386262012613,-0.31383910308364543,-1
-0.770711052976856,-4.058707556863368,-0.703290455127898,-1
-0.23464696776769514,-1.049386654067059,-2.1140487203496723,-1
0.7572496136873935,-2.0818492863890374,0.6163801643561334,-1
0.818048490599986,-2.1294325109970007,-1.6654355129322351,-1
-0.5082946567783012,-1.6059506305817668,-1.6783990075830921,-1
-0.9403000790516686,-2.665093742905345,0.03632533179163704,-1
-1.0049156719239454,-1.4564194823903527,0.03953559972907246,-1
1.1563813092831519,-0.7570402068326375,-2.7882266963125044,-1
-1.3398655213129462,-0.7725642192669404,1.2938219083411429,-1
-1.6547184986025325,-1.6225234399142683,-0.140150611502027,-1
-0.641499714857913,-2.986969527529628,-0.7508060419742568,-1
-0.6944385562244212,-3.246194600640228,-2.0867909779302574,-1
-1.1350597979409638,-1.8963489119346513,-2.6036527218583334,-1
0.2920021450429276,-1.4685584224131019,0.21470071080511557,-1
1.5924277108805802,-3.1958255500718766,-2.383037835780858,-1
-1.1483702342828968,-2.232087792793347,-1.5031727631351226,-1
-1.8080152442425064,-1.2029760516113837,0.9839406046327566,-1
-0.5620926998300482,1.2232996739257318,2.695577112072502,-1
0.9352037989232296,-1.5458018154768698,0.9822323108229872,-1
1.600099232162119,-2.7256452388169143,-0.8515184196669005,-1
-1.3571418247504738,-1.7705237264631437,-0.17018978708801433,-1
-1.7076151337778775,-2.1049784774616476,-1.8810158473590302,-1
-1.4407921661561074,-2.1849119369151717,-1.3959495506284043,-1
-1.176000550215474,-2.935291613210373,-2.4544903382223473,-1
-1.1779349108237234,0.5159509489468214,1.7113246636744959,-1
-0.07674837809031243,-2.6998671076803578,-2.0467274236349495,-1
-0.6223312048524895,-2.2795838843799765,-1.5324750731822911,-1
0.11947950877674948,-3.039046561146116,-0.24470469415578064,-1
-1.4894266248853971,-2.1477993394704384,-1.0844022399227868,-1
0.9241894196015134,-3.0946108408179915,0.23213574872349943,-1
1.025200814775672,-2.954322461595076,0.12471970411236834,-1
-1.236429821987418,-2.3328149550754893,-0.3592647639635791,-1
-0.22109518497447708,-1.4172576948367204,-1.2558117918451872,-1
1.354853425784186,-2.165887847496519,-2.723096435649397,-1
-1.874831240667493,-1.9798848002709166,-0.19872239693781107,-1
0.22871322157288426,-3.5333737292768124,-2.5948826695977245,-1
-1.6610920255091126,-2.163093785234486,-1.0212825346424965,-1
-0.6857914349639752,-1.909441678874043,-1.0185348404114831,-1
-0.17804929995212276,-1.9214983328738469,-0.22302560887711959,1
-0.7668045790085525,-1.4048623078198306,-2.9196017577752906,-1
-0.1506589801695519,-2.9842049037327616,-3.9491855404586267,-1
-0.4416768081477938,-3.192175868894435,-2.741491485324602,-1
-0.3949494071355796,-1.274500200435045,-1.3553911480114569,-1
-1.0927892382833988,-2.278416946188328,-0.6736779074756213,-1
-1.8070365748706112,-1.8518724499098755,-2.5827737832822963,-1
-1.6904023136808863,-1.8659161683614238,-0.13639637744657584,-1
0.052775632278930854,-2.300338653902708,-2.881483476319272,-1
-0.22884541923697835,-2.523219114235545,-2.265460754609625,-1
0.012391449559826982,0.48744072377901415,-1.4032470780171362,-1
0.7836991952349117,-1.5999165546671763,-2.766637942785113,-1
1.3974047937219618,-2.172224848755613,0.09415774741648862,-1
0.19367911398883944,-2.43568011488834,-2.1707285371936624,-1
0.3925104420984532,-1.7648983733907013,-0.6196121391540321,-1
-1.6574925487116048,-2.114461309816068,-1.0444446986144464,-1
-0.07292319386632516,-2.7613830137984263,-2.4043539766235016,-1
-0.5748911255835228,-1.4429061381793005,-0.43905825874666077,-1
-0.26229167063466835,-2.2520034671943825,-2.4316466250768856,-1
-1.160891959211798,-2.6861049523904352,-2.450946561651309,-1
-0.6434105517610845,-2.152078080957637,-0.04682016166739635,-1
-1.5183914098159847,-2.269722126409255,-0.8338651377974342,-1
-0.014081863697672186,-2.109220590261219,-2.2376188613776047,-1
-1.2627822880185522,-1.446338040968697,-0.6108139745561596,-1
-0.8213172405902901,-2.211987225230971,-0.1911782996841975,-1
-1.9169729508918416,-2.691095481758311,-4.490825468173882,-1
0.5015333835163566,-3.8607856085625154,-2.6199445703398574,-1
1.8524707680982717,-0.048604259199574555,-2.4078596227790405,-1
0.11356801331585735,-2.453276639802124,-1.9942478191127324,-1
-0.4696077942749016,-2.9013281422359323,-0.32986020288029777,-1
-1.008748406236423,-2.127142584555471,-1.8286829211664408,-1
-0.502708087820667,-3.0755215344131805,-1.8511442229069517,-1
-0.5724684082096236,-2.704313654238816,-1.7960342250826118,-1
-0.07596148365798991,-2.60854630267592,-1.7966150040309548,1
-1.5253686493200387,-1.6260850570840288,-0.6475271006615221,-1
-0.10147843700606105,-3.3585925594650203,-2.6180517230786298,-1
-0.13422525762607249,-1.6017181788317787,-1.3260395909096157,-1
1.073995969116705,-1.5621025022235195,0.21436357892770122,-1
-1.1156411028277369,-1.0915272509729799,0.6467944343548332,-1
-0.45746310074058993,-1.8270509120488028,-0.2520590093787711,-1
-1.0397389175687495,-2.9472734417534587,-1.4231519200818143,-1
-1.3493801370993717,-2.3045823906225413,-2.135670771011157,-1
-1.1314620606671082,-2.234299279854953,-1.7440829457924092,-1
-1.324779714590322,-2.1830335544954087,-0.5430974364181783,-1
-1.8281257138296219,-1.756420938198294,-1.7160213875139654,-1
0.9731601376475395,-2.573040203483059,-1.4560708297404414,-1
0.6812234585617817,-1.0367158919590487,-2.9059693997189333,-1
-0.18240580471414988,-0.22469392411628136,-0.7348916475855847,-1
-0.4986860778286668,-2.9538381710459816,-1.5205706950236324,-1
-1.0677311168246721,-2.326519875363258,-2.828382416686956,-1
-0.9812312414730427,-1.733820034378995,-0.9637138251282208,-1
-0.7651637655722157,-2.9980219177400698,-2.9777833466841237,-1
-0.7436648202636466,-1.6953491047542222,-1.160007292446311,-1
-0.0893126522530295,-2.9397491007480983,-1.034996726917498,-1
-0.3235283022179219,-2.578956691237635,-3.454493926545855,-1
-0.5689783045174981,-3.0258901279026196,-0.23408029151474774,-1
0.04065808285169791,-1.4197933675477634,-0.6340369912002356,-1
0.1434280108174429,-0.23588437469355172,-2.415792142443489,-1
1.207656213582077,-1.8835964830969636,-1.0758183436302682,-1
-0.4339872254759346,-2.3640672631910644,-0.6949258061253893,-1
-0.49017662163099096,-1.926061211321748,-1.4929821001079986,-1
-0.9519727865162901,-0.5873203118476332,-1.303337116476738,-1
-0.8636639291221192,-1.7965212380347182,-2.116145200845577,-1
1.434046113531484,-1.477814462061797,-1.3019201749437983,-1
-0.47857791738716093,-2.9745279756443908,-1.9238610319968907,-1
3.5678471860969077,-2.35306982763401,-1.311547171626573,-1
-0.26650740751732444,-2.104717683913334,-1.577979295856853,-1
-2.1294472438833636,-1.9232286274673795,-1.8192951849046657,-1
-2.2015060494600496,-0.661679175984033,-1.0999264153769726,-1
-1.357021134891296,-1.7420660755946065,-2.4326783397366594,-1
-1.5364389004486405,-2.484708853301317,-1.4349129353629229,-1
-1.4648606435330394,-1.9566970223596774,-2.710653844161167,-1
-1.2309100137018725,-1.6015450443068115,-1.6304538254985785,-1
-1.6834972470426408,-1.0992187637923945,-1.8665935416928687,-1
-0.8305961429894487,-1.8233071332717887,-0.9530135516567451,-1
0.315710050013129,-1.7497161316916818,-4.21459971522532,-1
2.0813434215223947,-3.470073496233061,-1.4507799695622579,-1
0.11719276655008479,-3.3195699197414785,-1.5472248604243937,-1
-0.3410274235402372,-1.9573398414525527,-3.3758573909384033,-1
-1.3350958456787156,-2.7085027997083575,-2.1825992104147844,-1
0.4912475057579228,-1.182245843212528,-1.2675096173213578,-1
-1.1008918882104979,-3.3286043885233028,-2.254269197679623,-1
0.4814372076165392,-3.965896441446129,-3.1821738591774977,-1
1.2082282814681742,-3.399015983685536,-3.3205569498770853,-1
0.4939087472951556,-2.521122298261105,-0.7577902324276908,-1
-0.3030199286535502,-2.9811910464811766,-2.072725351503778,-1
-1.9391110263184235,-1.2703934018496483,-2.0625389733597896,-1
0.38170775055371997,-2.370798034843112,-0.7535570780234729,-1
-1.6192943490179046,0.002750680877332152,0.765890189748646,-1
-0.07019536236754709,-1.431657993731214,-2.6804044320771334,-1
-0.7269921925335544,-2.142119418211782,-2.1068223184994435,-1
-1.1217092552891363,-4.7562844053589695,-2.2969861897452333,-1
-0.04379139440280194,-2.696402804957694,-2.174839654899978,-1
-0.2367666954784236,-1.717258294543319,-1.8595295809344576,-1
0.890954954787694,-6.656392926941371,-10.307785271598334,-1
-2.016380223678191,-0.6761820806074567,-1.1971580106419326,-1
-0.3032813372433001,-2.983553149584638,-1.3900836237085883,-1
-0.7339086648284334,-1.1462254798158231,-2.483499443681739,-1
-1.271474461560264,-2.30188304920676,-1.1597645295840484,-1
-1.6671130413802773,-2.0661466741854104,0.3707253597319457,-1
-0.23511011040578791,-3.361033158677827,-3.861712080831399,-1
0.7922475332227119,-0.932070541140008,0.1701578141678935,-1
3.555700799090576,-1.8741388936185874,-1.099252145973084,-1
0.08097006512699297,-1.9065078601151388,-1.3912937878362583,-1
1.8668603795807799,-1.8754758070684283,-1.1183950632599464,-1
-1.2633093274516436,-1.5003041512624231,-0.42772165245122745,-1
-1.84367778270444,-2.009789888509552,-2.2550342227623563,-1
-0.38453978227399377,-1.9670170725094813,-4.344155895417833,-1
0.6408045042189384,-3.2226000215086255,-4.339571109042908,-1
-0.1386137670541683,-2.4071683077644477,-0.8117261008030914,-1
0.14163150006203606,-2.4811026953422606,-1.9319474503008132,-1
-1.0597353018733897,0.9677104602224569,0.4075961068343172,-1
1.2306247062501303,-2.9635823488396973,-1.3798571107678408,-1
-1.609100221532064,-1.9043812534463598,-1.7975875007216846,-1
-1.3082908419389225,-2.3258725271902123,-1.7601383425485253,-1
0.9479141887058076,-2.1159061966881114,-2.849691643110512,1
0.18110946138109799,-1.6659701456055358,-1.8580660927529284,-1
-0.8792347194625796,-1.5531360393087095,-0.20638086141692347,-1
-1.4863464318791035,-2.7124305337203736,-1.791001905492272,-1
0.16337241019059295,-3.100113959952049,-2.2438490448026296,-1
-0.626929746060038,-2.75584301958822,-3.357416213774879,-1
-1.7870073101447332,-1.6652575580196078,-1.3221427291266912,-1
-1.0382288583903307,-2.754588116051702,-1.6691717645281152,1
-1.6695752396250114,-2.2425376536717962,-2.21709538839236,-1
-0.223320569946062,-1.6566268702603206,-1.3439512273063385,-1
2.5612145707776337,-2.8280547181945948,-1.9746513907131111,-1
-0.06230166211290507,-3.1879739496926476,-2.297815849645181,-1
-0.27110851271831127,-2.8978319372750176,-2.867541071893761,-1
-0.8588096110404553,-3.9466626329067958,-3.4615001191882793,-1
-0.7017475663249758,-2.3069801804127157,-0.8226843147435566,-1
-1.3230662699952105,-1.3029519912356073,-2.404779872650306,-1
-1.0281419673891752,-1.530619162298832,-3.1272031248475383,-1
-2.030838126310368,-2.260030593706554,-2.538234851437519,-1
-0.3954063883203366,-2.2721536035754255,-2.5768929836615757,-1
-0.19574356134023527,-2.22896342614776,-3.7965058783655925,-1
-1.0297846873487861,-2.3541614809200797,-1.8686500664140975,-1
1.6287405388235245,-2.3481096836279636,-2.1044054666439287,-1
0.15043999940225908,-3.5345020743842754,-3.4111453172439234,-1
-0.11828350510313643,-0.47473768409961353,-2.2608287118679082,-1
-0.7305091881271368,-1.7535256095072473,-2.364352871017479,-1
-1.0278552769372922,-1.333340300392202,-2.7086753129340875,-1
1.594023767971125,-2.505534736136587,-2.4229273446554935,-1
0.457206984835154,-2.8453714953041436,-2.3621212155446893,-1
-1.1825120916341243,-3.4432096695243244,-3.8767188933194925,-1
1.5569133606959804,-3.1097479199367766,-2.074707740826835,-1
2.360879446428189,-3.0270533083042284,-3.2155160672814525,-1
-0.7808158618664405,-4.152872139577264,-2.825480553113218,-1
-0.6018659815199681,-3.623582439190606,-3.8016651293592947,-1
-0.8677803372227783,0.5333688876527648,-4.225070144710678,-1
-0.2243207177571586,-3.3134477209108026,-2.239731806597366,-1
-0.6842396818276247,-3.5629491117860606,-4.767044386212794,-1
-1.9985469652456884,-3.536415639707365,-3.3975197220955073,-1
-0.3557451219386186,-4.768486435437405,-2.901007409590234,-1
-1.637384920607433,-5.159186432635444,-3.6412162582991905,-1
0.2205925387559262,-4.796830246167646,-4.213746879787119,-1
-0.39605306573002635,-3.762750154049271,-3.832042762144618,-1
0.01769977908350824,-1.0861193941024307,-0.9968527126835679,1
-0.3054657879477248,-2.4341904574377415,-4.129908703504048,-1
3.257414252854985,-3.419156620643583,-3.788283958695376,-1
1.3884122098594232,-0.6988425922322752,-0.08259183945675558,-1
-0.5739315401019514,-2.7495029835480276,-2.3622294334582694,1
0.8612179824304614,-0.9989193688262484,-1.6868404535240054,-1
1.972314369034446,-3.7935594234137864,-2.165052830833353,-1
-0.6441256540925245,-2.7589424940389864,-1.8186330026541644,-1
-0.34037375977578543,-2.9710634768661057,-1.0739186869111768,-1
1.319492177042298,-3.3788906904416187,-3.6910468973153567,-1
-0.9730619847800018,-3.5865763247877838,-4.271966270106403,-1
0.004356116612241763,-1.2462414540173044,-0.2796867705469052,-1
-0.14939052187908047,-2.92904823256997,-3.374025801445747,-1
-1.1818187717840394,-2.9703774147821997,-3.1247588885221247,-1
1.0307194325648652,-3.2725251179294483,-3.0108728966308638,-1
-0.324399964474181,-2.5383600869690675,-2.8052501404584214,-1
-0.6329756266041415,-0.9905312164496309,-2.819181591607528,-1
-0.12130393477309832,-2.8898138499837467,-3.91608943794148,-1
-0.00251588995190894,-2.99369074017558,-2.037584150644608,-1
0.6564924263414045,-3.309457682203782,-2.029027317892879,-1
0.6714861147402669,-3.4107526006450697,-2.108675977711479,-1
-0.4189783077381448,-2.750435053219089,-2.922290743919947,-1
2.4960894824731867,-1.3613619941257982,-0.5095312125191368,-1
-2.2667442415784174,-1.966479931555621,-2.6423762464972764,-1
0.9676261982641492,-3.9959509217642037,-2.3720957916930274,-1
0.2929515175616407,-3.359355776328839,-2.0754707025761885,-1
0.2803213487914732,-1.8686102754483809,-1.2210211953735357,1
-0.8730832847496086,-0.4734017805958488,-0.6884811610078132,-1
-1.0641332444496698,-1.346466531723974,-0.2654522225645351,-1
2.3391458483097245,-1.613707260190108,0.30389125510059933,-1
-0.4470140489087355,-0.2911188109005559,-1.0472019501552716,-1
-0.6456561313644,-0.9212684237715318,-0.15648563392516246,-1
1.2887229931160826,-2.2160338954541046,-0.23931471929934017,-1
0.6734960490028495,-1.030467516666251,0.8023545521089895,-1
-0.38446972771050786,-2.868017565455224,-1.9913331535863381,-1
-1.4903968012275468,-1.0228961081584242,1.4514761478727376,-1
-0.5145241264203319,-1.9283283609294306,0.39183753624581574,-1
1.1828416702102178,-2.043540124929727,-0.4162175335902495,-1
4.393465303774855,-0.6632019269498953,1.1007603667645909,-1
-0.43790024476472644,-1.7401885546942517,-2.66897397878994,-1
2.961602605208619,-2.7555327502760867,-2.940957471169218,-1
-0.5722112719515264,-1.3219586211986745,-2.839261335693473,-1
-0.2050037247309652,-0.6236218673779422,0.28211209145575356,1
2.559050760219421,-1.3709617706967183,0.0402809905969761,-1
0.8873470897145673,-2.8067259130166935,-1.1214506467131418,-1
4.706066765940509,-4.367032591190242,-0.9628928973767642,-1
0.44905682137894015,-3.9264823993291467,-4.24981502194423,-1
0.13031879756539388,-1.740889139190842,-1.5887919185722583,-1
1.5069208862317331,-1.5696727570042774,-1.545709051126665,-1
-0.18591990532688854,-1.2272414520514534,0.6522271731847563,-1
0.2769951247489203,-3.2536941948099054,-2.66011002251877,-1
0.774708614501613,-1.306431602098992,-0.30578179077010037,-1
-0.6639459339078649,-1.857943302297349,-0.14568713081573603,-1
-1.3451376564565163,-2.451217113092014,-2.8699576736395405,1
1.676045506865551,-1.331282429662568,0.5059280866149529,-1
0.3569932992024358,-1.4189613492556525,-1.2683226736300106,-1
-0.852907532113077,-3.0979114320181376,-2.414011527809,1
0.7163346921650728,-2.25132085519204,-0.14174879257503253,1
-0.877229071646394,-1.4051287772875245,-1.5236210607337266,-1
-0.3757428612233376,-1.0365293964564735,-0.464714305582214,-1
2.0146555414162934,-4.73873050083693,-2.6864320491499516,-1
1.3013047061812864,-3.846034876585069,-0.02699598661754784,-1
-0.4749158414313696,-3.7748287183705305,-2.3238346185984278,-1
0.7122690252558576,-2.54852646592583,-2.0293412262352377,-1
1.9606715504036978,-3.966977557283675,-2.3491408374774223,-1
0.559772514859324,-3.054667380776644,-3.204397071699323,-1
-0.22187694513356082,-2.531636998579245,-3.1838169804782868,-1
1.5025626181265825,-2.8458832802970195,-3.780052852625649,-1
-0.7089087768221023,-0.9878409961022032,-1.3417663254400995,-1
1.7579450715853406,-1.1074001635265363,-1.2828381829610689,1
1.2526539829504173,-2.530498348675987,-1.5025136151853893,-1
-0.6208906222567244,-2.7194700106748138,-2.8981907518311276,-1
2.0272034987544054,-3.2053205731321133,-2.4341633160998266,-1
-0.9888557576483492,-2.241291752201155,-1.891200501057392,-1
-1.6886224338553455,-1.8823356012264227,-0.6756209430002762,-1
-0.45489666837319487,-2.8259994537022597,-0.4508320212977739,-1
0.7160121869275484,-2.601793736682197,-2.9865039975284957,-1
0.10118344116800704,-3.190749788004219,-1.3873352315013288,-1
-0.07949611885549307,-2.6275087371529873,-2.603870193622835,-1
-1.5664196854032841,-1.4316923573733078,-0.9404909275316237,-1
0.04913148929190078,-2.3044782427911854,-1.991162278127726,-1
1.1362047893737208,-2.391406221998402,-2.7223173085456764,-1
0.9939078018815899,-1.6123909245909616,-0.6615625314388397,-1
1.0832037477328793,-2.5552926338470723,-2.2118263150942603,-1
-0.671762488892184,-3.368584637625677,-1.4786279964922773,-1
-0.6878264119109034,-1.9917865188740222,-1.1941228569853894,-1
-0.26941196548081253,-2.1418159416235047,-0.26761550206587326,-1
0.8980392684648422,-1.5669307020819196,0.5909778090444063,-1
-1.89616049595884,-1.0895033855952565,-0.765779957837005,-1
0.211614576247604,-2.642541913371605,-2.97624385207949,-1
0.16124789220653812,-2.308352298879259,-2.7381088451405216,-1
0.3044677171475916,-1.8497564799983848,-2.392376823523254,-1
0.23971351572885002,-1.4748732266621523,-0.9252123130872005,-1
-0.017002778274955634,-2.670019382174988,-3.507525863588763,-1
4.095778365567244,-3.6400429485767996,0.10517261414851427,-1
-0.055782838328710865,-1.544315836228309,-1.197965359439187,-1
0.9444333352540537,-2.0172947340627805,-2.5689199843197237,-1
-0.3126222544179795,-1.729714409509399,0.5476958260601805,-1
1.2480822926482462,-3.196646258665505,-1.2815387378632734,-1
1.512343174797841,-2.414230198800932,-1.8770905831733873,-1
-0.2458033077253351,-2.470845308856558,-1.4355250669953008,-1
-1.1236983252128143,-1.1503727483117707,0.07610045812573832,-1
-2.296195742818955,-1.1317325757085082,-1.4293679345259944,-1
-1.5098153943331836,-1.8348035900931021,0.4395827412438763,-1
2.265754086429682,-2.1154650376433173,-3.9433644388044313,-1
-1.8918009287468829,-2.052371660942704,-0.833568352964069,-1
-0.9028670872421296,-2.7891557461852874,-1.6253148453101953,-1
1.3295792621989242,-3.395205953721914,-3.342455983756729,-1
1.4264985369563996,-2.4636669739359953,-3.7184779852655145,-1
2.4679588459034285,-1.51013355546019,1.1759555548641785,-1
0.36291232484172764,-3.2308687230367243,-1.312931826034973,-1
-0.7014112798531568,-1.2279864641190366,-1.546291462552506,-1
-1.2143803720450819,-0.8545136698633543,-2.335672943153476,-1
1.672267624761343,-3.436809589096749,-3.6122555259987847,-1
1.0681363178287437,-2.5522878441789096,-0.29249275486594595,-1
0.0990214655858121,-2.6173494536495814,-1.3820344644164018,-1
0.7429868190952607,-2.5726983085545263,-1.4457767635610141,-1
2.2730595411086445,-2.5605136437226896,-1.1253396072008275,1
3.135114452230773,-2.646714049689632,-1.065964275564764,1
0.46788768791695684,-3.3269582610691613,-6.722559691599989,-1
0.5307289203243808,-1.4780023415248138,0.3582133645503167,-1
-1.4311326730450173,-1.9609597863448778,-2.0124887071419097,-1
1.4077989966438405,-2.0510129636010586,-0.857669339098578,-1
-0.40777037786280934,-3.206374902832634,-1.2394024595145996,-1
1.433147900987949,-1.255682905189146,0.25026661740722556,-1
-0.9700659291752388,-3.3046991329266158,-2.549354773154618,-1
0.40871803570933013,-3.3884854047476796,-3.1117533389132235,-1
0.8894535011195428,-2.2677810282765205,-1.7737472081895633,-1
1.6525217490932338,-2.3117371236247064,-1.8552388548141026,-1
-1.5256581761593244,-4.141088860010992,-3.286909955843447,-1
1.4794917696173349,-1.8382392402155743,-0.4832650707547748,-1
-0.503342752187908,-1.7642122838854377,-0.9077980279063376,-1
1.10043427280886,-3.4984353773468633,-1.7449967196340657,-1
-0.9049831235881084,-2.469240889675557,-2.508931080440795,-1
-0.7394920549700449,-1.2401318489970587,-1.1420153717665489,-1
0.5623297993628302,-3.7974726792859754,-6.574000916598253,-1
0.7433730470481846,-2.7323081393905793,-1.2023344398991305,-1
-1.0344672774595298,-2.8067592377207125,-1.2575392312032923,-1
-0.7496141696390138,-2.0549018323084063,-1.4982991449498415,-1
-1.8277672368034896,0.061204646868103174,1.8335405264716251,1
1.0162114599492653,-2.7831279345041877,-2.2534280547367285,1
1.3556030714385583,-1.5556052230947008,-2.443847979607202,-1
0.07806733590810117,-0.6789416316842218,-0.5794612635733767,1
-1.2241842928424214,-1.802362316450682,-3.7667016771899644,1
1.146565209770578,-1.7929042265528978,-0.8618756113094066,1
-0.5835299061006596,-2.9689562951285473,-0.42061373525032464,-1
-1.0297062272046154,-1.5651210383094887,-0.9313177938084867,-1
1.1752277089894678,-2.549937398341273,-1.492183140846697,-1
-1.0800342622924257,-1.4733230837302012,-0.0685298714333964,-1
-0.5289876533243068,-1.020967305411576,0.19161675073963041,-1
-0.7075760985522425,-1.9061430868061666,-1.5757791364777656,-1
-1.9116531708505036,-0.9210366636520183,-1.3175199865811218,-1
-0.42065242744140774,-2.7470753186355568,-2.035307470834573,-1
-0.4548655232783015,-1.961538110365984,-0.45948968614432756,-1
0.833369390856455,-3.3407065995848733,-0.8611943519894809,-1
1.2898991207075645,-1.1086675825558125,0.6413390041151232,-1
0.6891778550861903,-3.464126557626904,-1.2866609583240187,-1
0.14572281151469754,-2.4707906251165928,-2.2165368320425753,1
-0.07019338025765606,-2.055038019132153,-1.419390126691163,1
-0.8793360781826829,-4.369716718027491,-2.6171317173303352,-1
0.343835948630012,-2.7720256284966975,-1.904293786577873,-1
2.113030379126456,-2.3389010985782153,-1.5809548727181377,-1
-0.8330493434711544,-2.8335780687546572,-2.4077170506707533,-1
-0.8300549163111852,-1.3760953931529254,-0.5073269471713693,-1
-0.8544813647362398,-2.0270998379893315,-1.5608845241017535,-1
-0.9150163363249243,-0.4895076689571803,0.5549276713076725,-1
-0.5917680086543666,-2.5092678952945606,-4.8771464465806105,-1
-1.6225396114223167,-2.33348112722043,-0.5054354309341167,-1
0.6495138902354132,-2.145399296609598,-3.341848052897529,-1
0.9961241548810555,-3.355695340589493,-1.7835973801042921,-1
-0.5811908045704277,-2.0587743007140222,-1.7763929002871124,-1
-0.007183251530700812,-3.661812700260568,-3.102529402195127,-1
-0.9623808617611492,-0.5070371432421593,-1.340379002591977,-1
0.11366049512502488,-2.298983823229948,-1.285680133639907,-1
1.3472632299696574,-2.095192268453566,-0.446686076375289,-1
0.7232541639050857,-1.714448795168861,-0.6795370902932637,-1
1.0636729141860795,-1.59847693913002,-1.701715427113071,-1
-0.44473793258213273,-0.3526561872665323,-1.7797669482379739,-1
1.3864286406349422,-2.6802866513204076,-0.9901946519953783,1
0.23545331614690154,-2.300443619601468,-3.1330143182876395,1
2.5545388120477006,-0.0662004592951294,-0.1592520884095621,1
-0.6769112291111479,-1.241026901170597,-1.0701748634842205,-1
-1.2206509970658106,-2.7596444647498855,-1.8008629601515378,-1
-1.2844543046701224,-2.4990973871721405,-1.138100165847394,-1
1.3198300220902475,-2.450498788765443,-0.8065387420063853,-1
-0.46138750211429147,-2.2255219163699835,-3.5292803484186805,-1
-1.1067857952394504,-1.6893018377025972,-1.153011361262913,-1
-1.3006023332591639,-3.005839601324789,-2.1117450447595636,-1
-1.301304808297456,-3.289472491177338,-0.7178717578331641,-1
1.7595232979515658,-1.8856419256343224,-1.0453720824259243,-1
-1.2249127225253786,-1.4564045272925579,0.7903900701884762,-1
-1.551952383785023,-2.5407302137604377,-1.0448646494186555,-1
-0.027377905601307734,-1.84629747701608,-1.69914516800994,-1
-0.10541633804953954,-3.038020954209231,-1.5801344201475975,-1
0.9267680871848745,-0.7565974515889989,-0.22666984057931874,-1
0.1965915253464171,-3.6051021116129816,-2.3041837499311626,-1
-0.4421751817016973,-2.838538168090712,-2.1211095475240853,-1
-1.0706884048027892,-1.2360219853890841,0.6869659775889717,-1
2.31728452200604,-3.5096926399731148,-0.14497378350613763,-1
0.23611519601019101,-0.5452295781252356,1.6776160158329303,-1
-0.4284898502635049,-1.1517730586092523,-0.24126187219516923,-1
-0.48376423825798387,-3.3633894173018772,-3.3675475685981477,-1
0.4845822996618394,1.118244772332127,-2.7680393107634624,-1
-0.7098614139061191,-2.2540014216831885,-1.4791389099326702,-1
0.1334464466257916,-3.4097484670187277,-1.1857754851941946,-1
1.1295737279764047,-1.9971501944934305,-0.8415246326880822,-1
-0.30036532298270413,-3.418217571811969,-3.105933891599454,-1
-0.7632734614971762,-2.4483552532572843,-2.937874525159557,-1
-1.2075899563827914,-1.6230188176923,-1.4471147336391406,-1
-0.9743388734774873,-3.1171773873587463,-2.0843948351118473,-1
-0.9366926430596255,-1.812818176132375,-1.0863866232323955,-1
1.7101991146605044,-0.6774510304211399,-0.7333202902085342,-1
27.45503948831045,-0.7171475513815362,-3.005906058921722,-1
-0.21043327020832198,-2.261453408285839,-0.8894388975021811,-1
-1.6666285311525966,-2.3799024010715235,-2.1877824581890235,-1
0.1727776460882375,-1.1663197818610849,-0.4246199019744695,1
0.2875570768893554,-2.839793556820416,-1.6097969238517043,-1
-0.9535289697483982,-1.7807706822626648,-3.2451768717065863,-1
-0.5411143171975358,-2.522793041623705,-2.6699513422985257,-1
0.45273199187550034,-3.1728679737969308,-2.472389043044914,-1
-1.2657402822790436,-0.9858548208943737,-1.5503544547658654,-1
-1.5155455328474672,-2.7755619534965947,-2.7387130670926965,-1
-0.5403251699176187,-1.8138826058182989,-2.6582297000658475,-1
-0.569922835563553,-2.6344568826080232,-1.2348475937467367,-1
1.6901979544734904,-1.0902142226820515,-0.08706695391389553,-1
-0.46131501808427466,-1.7881822294643612,-2.9433197340961557,-1
-0.7260031426113901,-2.213374209660701,-3.696938042560166,-1
-0.45323347264121655,-1.7545965098180654,-1.5099433980300916,-1
-0.8209588236074705,-1.8650453693756353,-1.3008842319530178,-1
-0.9890444012528743,-2.2038016492418655,-0.9416628036254326,-1
0.9424391116689358,-2.7181425326491557,-0.9040212573746783,-1
1.1874464760288113,-0.9846818802643615,-0.3337449334250781,-1
0.7540737050023831,-1.0135667293975241,0.44988433286352664,-1
1.0696961421029902,0.07387615664012709,-0.779971180511845,-1
-0.5106620114168408,-2.5659217977228392,-1.9620734777989406,-1
0.6448545373842888,-0.20566389331773957,1.6503932215501633,-1
-0.16537344056959746,-2.53478407835837,-1.5366589954745293,-1
2.101099101684177,-3.2915953210485593,-3.038750876282221,-1
0.5871471499617993,-2.510158689186744,-0.649531336343965,-1
-0.22383081173338543,-2.4252440914089743,-2.0315376860744303,-1
1.3323194542444967,-2.9306803585680212,-2.324348277419938,-1
0.18448259396267427,-2.62268685793944,-2.6529207468275637,-1
12.229921038586705,-1.734183622223094,-1.8905984149797979,-1
-0.5072025115545148,-3.64141826522375,-1.2970577648022916,-1
0.9015535969864383,-1.8421138033605369,-4.242315888194716,-1
0.006528024194719607,1.2345552330580858,-1.6786144314197013,-1
0.5760138536214371,-2.731225318468265,-1.55681802616592,-1
0.09024387769268646,-0.21180157693454515,0.8728646702481867,-1
-0.14363607443553258,-2.21340361838658,-1.804001936424115,-1
0.12764114549574057,-1.810568391658807,-1.4539563178382249,-1
2.9273033780102238,-1.1316662482184905,-2.8436808257942165,-1
-1.1844981407646735,-2.846516941030956,-0.04992432644940485,-1
-0.15897891046080412,-1.9553291237483261,-2.3597028907252704,-1
1.4402407935945831,1.3158492370559487,-2.7451072296509675,1
0.034680169312346056,-2.5063839171457514,-2.388086939916073,-1
1.9178583891380687,-1.543293166534106,-1.324455253484158,-1
-1.1389222294579644,-2.3041371652417975,-2.9037013365563005,-1
1.067718229502305,-1.791187610921932,0.4296649011916021,-1
2.2243547144559654,-2.138881306527472,-2.6306156250258073,1
1.5815333762116788,-1.171448606670494,-0.19796688293128498,-1
1.7440991814280942,-2.776386923680416,-1.9815297296908116,-1
-0.8233983926446122,-2.885499233343501,-4.960698345056492,-1
0.708905202590327,-2.966937855572685,-1.5292126828647283,-1
-1.3712494024715782,-3.513626182320596,-0.35610468318763533,-1
-0.31079636367307506,-2.758954292637708,-1.5848327267986773,-1
1.112504049466239,-2.9786917404476143,-0.7747214857260879,-1
0.7636953221590902,-0.617065416682563,-0.5220890652275173,-1
1.7196610233603098,-1.3988813564406117,-2.1728027623671897,-1
0.81208556071228,-1.2515358203155662,0.5621484356537393,-1
2.288346219944639,-1.4733010483699058,0.567677237449159,-1
1.8763709603285508,-0.41967468908291833,0.04465893554082896,-1
1.7871540316382504,-3.475189949269479,-7.60861838390993,-1
1.5700511286737822,-0.47441745067579305,-0.7912001694820623,-1
104.26954527502696,-3.17437305841419,-17.25397466632421,-1
-0.7964105138789839,-2.187035241086879,-1.86662216415144,-1
-1.4181563842075922,-2.3598257122911974,-1.064886683893306,-1
1.4344074733042484,-3.14840312286977,-3.3905817991670073,-1
-0.9726794813891549,-0.8219471819388534,0.18953466155041734,-1
-1.648426525351323,-0.20559701583931078,0.015540758668054428,-1
-0.8975447725760963,-1.0588074844523272,-2.4361854848668796,-1
-1.6632867462639422,-0.6001972957915845,0.22490502584358577,-1
1.0496319941581755,-1.3829391941403333,-1.44422509369649,-1
-1.2369907470676291,-3.581446343413635,-2.8442640293249317,-1
1.0043747247078982,-1.311563730260889,-2.0239997078361527,-1
3.6211181080512373,-4.089762029413665,-3.4901096548536366,-1
0.5188258287637127,-3.575521618266707,-2.2182384062943563,-1
0.2497976408886782,-0.9914302501394665,-0.6302434731734207,-1
0.15640238964815262,-2.830613432384566,-1.4984092960420043,-1
-2.480395826000127,-2.292888366970367,-1.1431184111121497,-1
-0.10489631746135397,-3.6763465859288775,-2.0488026592682003,-1
-1.4617085133399175,-2.2931490475121046,-0.8105109339520141,-1
0.11933581371886953,-2.6202548235430183,-3.9523901109219874,-1
1.1356947723181026,-2.8233125470209726,-2.951814632591912,-1
0.2311928365305854,-3.81684565514543,-2.396338500918467,-1
0.5813631932798479,-2.1807799090553783,-2.448641168471898,-1
-1.408205893430524,-2.765877403197445,-2.084704722076961,-1
1.152802085776684,-2.851890683940122,-1.7468300609439391,-1
1.2621876871647897,-4.201522252540863,-4.282134769904706,-1
-1.0605410292622537,-1.7751375823259343,-3.535912916771595,-1
0.041198975207702,-3.077735434908894,-2.2050804408330755,-1
0.4740459980911003,-2.77238342569822,-3.2153639028972774,-1
1.5945209652986974,-4.36350366593212,-3.134423897962682,-1
-1.3887870996194778,-2.9077538257523345,-4.296085044027748,-1
2.0455031501511387,-1.7278625872703333,-3.4848109410051857,-1
17.543949103192748,-1.0820732296474436,-3.456536350831107,-1
1.0439485403412851,-1.3634257605167275,-1.9102013371844855,-1
-0.955401497796101,-5.00037970167684,-5.152382299694813,-1
-0.48549639271983414,-3.4008934052617135,-3.492045688033417,-1
-1.808835129665071,-1.680921219653684,-1.908415095955352,-1
-0.9228225347070425,-3.0518605013525004,-2.8586717846805443,-1
0.6547071941384802,-1.170584312156194,-0.374570973236906,-1
0.027006429585298457,-2.6200397478381587,-3.647249609390657,-1
-0.7780425112780874,-0.584806118860953,-2.9877132219115143,-1
0.29354992693287957,-4.184185621766024,-2.911222376038776,-1
2.5142619756748497,-3.533861287860946,-2.4586640588790893,-1
1.8510359063358763,-4.006196430197922,-2.8017377908734233,-1
0.05931408735793116,-4.823947903555643,-4.038947339752489,-1
-0.423298819839175,-2.249433577169221,-1.730681108691365,-1
-1.7910115211002176,1.1999476907079223,-4.058024230587199,-1
-1.0831045419075085,-1.0182234796006326,0.09120572084944197,-1
-0.7510375385301246,-1.8111152702808149,-1.4377196993780594,-1
2.1360774231408,-4.188269056781726,-3.88817873323123,-1
1.2150910035629428,-3.081884017826918,-1.9850147788749344,-1
-0.7855317884002508,-3.228422741038728,-2.266117392972112,-1
0.4613893506597674,-2.973365811943823,-3.2459172598215003,-1
0.44744757961841847,-0.819672348652589,-1.0075313380792588,-1
0.2262544392081523,-3.9702916772437016,-3.5320463572226664,-1
0.21008320724883806,-2.9043188522815337,-2.7621610157623597,-1
-1.0992035336615649,-3.82569245857167,-3.2714964755732314,-1
-0.04232978514081968,-1.8944894534769487,-0.7478888026641257,-1
0.028229597559104303,-2.299293041030413,-3.3792582234618767,-1
0.23050105863360976,-3.0923573356847545,-3.050044143058422,-1
-0.6638130678015554,-3.403508518238451,-4.226305666984101,-1
0.18916324894663697,-3.846773988944261,-3.561059622477398,-1
-1.568719707291151,-0.6587281229845414,-0.14501769701693468,1
2.112905164551907,0.5313549195018891,-2.9953251621447476,-1
0.12899627767036337,-2.4402666282742054,-1.8581791619413428,-1
1.2963180041513327,-2.8870475633914787,-0.651328837045179,-1
0.6251180992592935,0.7133376928958202,-2.5214897214695733,-1
0.3430308618360789,-2.6205822069047175,-2.391393042693856,-1
-0.4048152602088736,-1.5753967900141899,-2.776248763572422,-1
0.14188558225199882,-2.692118038682075,-2.448894445200705,-1
0.541304413804045,-3.575362574200335,-3.2325329591776844,-1
-0.9513873924835107,-3.0229604701936204,-3.829244875702809,-1
1.6597420060698305,-1.6180074467370278,1.051418237001342,-1
2.4646664579162194,-2.16606792766676,-3.2198340423072525,-1
1.1076014022197898,-2.3725222504098156,-1.8025312079809388,-1
-1.4977637103657908,-2.948128438461293,-1.4871599633964379,-1
0.1669017516580385,-2.767192112897877,-1.323208653911838,-1
-1.7763745226968477,-2.4856165428988874,-1.2092858168883982,-1
0.5400002678495798,-2.0368987044721436,-1.5400403508458445,-1
0.2865897805151732,-2.895717471027366,-3.601711917397441,-1
-0.6670191455122506,-1.108301322376489,0.9159153415554865,-1
0.1966967975210632,-3.033536060952016,-3.4112021227853306,-1
2.678359886894682,-2.6279412375329474,-2.356639593420893,-1
-0.37401795620439693,-2.7565942179292855,-3.0361019383483843,-1
-0.25136566890308226,-3.5261191510306493,-2.832477825913991,-1
-2.602456305604829,-0.6890613080432192,-2.265054001240096,-1
-2.2514147766128016,-0.5204328599111359,-0.061881561975549365,-1
-2.1863755900521755,-1.7795848918887267,-1.8691037213787607,-1
1.6877818133455953,-1.0800614509007305,-1.3836336284118096,-1
-1.771071344530174,-1.4768230329596874,-1.9573390207099641,-1
2.06527912902507,-2.854923444193699,-0.8510739239501309,-1
2.0003387736040112,-0.1946695205078538,1.240023124953426,-1
-0.02963271089932802,-4.062032360446377,-0.9149715565814185,-1
-0.7616372664516686,-3.729377862250467,-4.704321747205967,-1
-0.6843221893758012,-1.064944570461468,-1.0654255521135587,-1
1.8836787032411821,-1.2976710912365228,1.7046447910203955,-1
-2.03260615260246,-0.28217976688666335,0.7163641246502562,-1
1.0999217520549651,-1.1996788567115728,-1.5557469716090024,-1
-0.30187694103637774,-3.207598553505553,-3.4799949456895596,-1
1.0060146479499565,-3.6029620030873795,-1.9205993429947483,-1
0.978571997336714,-1.2590905091648428,-1.41006041605038,-1
-0.37658529254513856,-1.3318072136305095,-0.7778656122378826,-1
1.3653096465850654,-3.4746727672714264,-3.738362149765642,-1
-1.502142557125203,-1.3352179510434157,1.5982036724402446,-1
2.273608724885479,-1.9143668469844874,-0.3021828739365345,-1
-1.0977167602718765,-3.657487711329405,-2.605993894658724,-1
-0.36465236197744455,0.3861241358544361,2.5027995078443097,-1
-1.1315993305125305,-1.129671973293659,-0.9483497186641148,-1
-1.0786003523710532,-3.479348293251566,-3.6212993145351153,-1
2.058787073796735,-3.4063007433753625,-3.2825030517834413,-1
